,Area Abbreviation,Area Code,Area,Image URL,Item Code,Item,Element Code,Element,Unit,latitude,longitude,Y1961,Y1962,Y1963,Y1964,Y1965,Y1966,Y1967,Y1968,Y1969,Y1970,Y1971,Y1972,Y1973,Y1974,Y1975,Y1976,Y1977,Y1978,Y1979,Y1980,Y1981,Y1982,Y1983,Y1984,Y1985,Y1986,Y1987,Y1988,Y1989,Y1990,Y1991,Y1992,Y1993,Y1994,Y1995,Y1996,Y1997,Y1998,Y1999,Y2000,Y2001,Y2002,Y2003,Y2004,Y2005,Y2006,Y2007,Y2008,Y2009,Y2010,Y2011,Y2012,Y2013
74,AFG,2,Afghanistan,https://www.countryflags.io/af/flat/64.png,2924,Alcoholic Beverages,5142,Food,1000 tonnes,33.94,67.71,0,0,0,0,0,0,0,0,0,0,0,0,0,0,0,0,0,0,0,0,0,0,0,0,0,0,0,0,0,0,0,0,0,0,0,0,0,0,0,0,0,1,1,5,3,4,3,3,3,3,3,3,3
195,ALB,3,Albania,https://www.countryflags.io/al/flat/64.png,2924,Alcoholic Beverages,5142,Food,1000 tonnes,41.15,20.17,13,14,13,14,13,12,14,17,20,19,15,21,23,22,19,18,19,23,21,19,27,23,26,25,25,30,34,37,39,49,17,14,31,66,66,62,41,33,51,52,66,53,54,70,71,80,90,89,85,108,121,116,119
320,DZA,4,Algeria,https://www.countryflags.io/dz/flat/64.png,2924,Alcoholic Beverages,5142,Food,1000 tonnes,28.03,1.66,96,72,46,38,39,43,49,53,57,62,63,66,71,65,44,61,64,62,60,63,66,69,47,53,53,51,50,51,51,53,50,59,73,81,96,73,67,66,64,101,106,110,121,115,130,137,145,158,147,149,157,166,196
427,AGO,7,Angola,https://www.countryflags.io/ao/flat/64.png,2924,Alcoholic Beverages,5142,Food,1000 tonnes,-11.2,17.87,128,122,137,145,156,176,167,173,187,190,187,183,198,178,130,140,120,121,119,120,157,132,106,127,121,114,116,111,138,148,141,185,142,165,164,190,249,237,212,222,336,401,418,506,571,746,772,1019,1149,1342,1482,1760,1761
545,ATG,8,Antigua and Barbuda,https://www.countryflags.io/ag/flat/64.png,2924,Alcoholic Beverages,5142,Food,1000 tonnes,17.06,-61.8,0,1,1,1,1,1,1,1,2,2,2,1,2,1,1,1,0,0,0,1,2,1,2,2,2,2,2,2,2,2,2,2,2,2,2,2,2,1,2,2,2,2,2,2,2,3,3,3,2,2,3,2,3
668,ARG,9,Argentina,https://www.countryflags.io/ar/flat/64.png,2924,Alcoholic Beverages,5142,Food,1000 tonnes,-38.42,-63.62,1919,2089,2206,2186,2323,2239,2375,2511,2570,2672,2569,2462,2324,2520,2718,2778,2796,2670,2467,2553,2520,2515,2539,2522,2390,2528,2539,2398,2395,2442,2675,2776,2733,2703,2586,2600,2746,2588,2553,2536,2506,2441,2568,2436,2502,2553,2620,2838,2818,2760,2726,2730,2950
801,ARM,1,Armenia,https://www.countryflags.io/am/flat/64.png,2924,Alcoholic Beverages,5142,Food,1000 tonnes,40.07,45.04,,,,,,,,,,,,,,,,,,,,,,,,,,,,,,,,34,36,44,24,25,25,24,23,19,19,16,14,24,25,27,27,27,31,33,23,17,24
928,AUS,10,Australia,https://www.countryflags.io/au/flat/64.png,2924,Alcoholic Beverages,5142,Food,1000 tonnes,-25.27,133.78,1141,1172,1237,1306,1334,1355,1428,1513,1605,1695,1760,1813,1903,2084,2155,2137,2172,2237,2224,2212,2274,2277,2280,2173,2202,2213,2182,2177,2236,2224,2193,2164,2112,2090,2068,2054,2098,2108,2141,2167,2211,2164,2187,2236,2311,2297,2316,2250,2418,2298,2416,2488,2610
1067,AUT,11,Austria,https://www.countryflags.io/at/flat/64.png,2924,Alcoholic Beverages,5142,Food,1000 tonnes,47.52,14.55,778,808,914,932,970,988,1035,1003,1022,1052,1101,1120,1106,1088,1099,1098,1095,1084,1094,1099,1114,1161,1168,1135,1184,1189,1196,1249,1255,1248,1293,1256,1212,1226,1215,1196,1226,1212,1233,1192,1183,1200,1201,1182,1205,1211,1191,1151,1193,1174,1202,1172,1222
1193,AZE,52,Azerbaijan,https://www.countryflags.io/az/flat/64.png,2924,Alcoholic Beverages,5142,Food,1000 tonnes,40.14,47.58,,,,,,,,,,,,,,,,,,,,,,,,,,,,,,,,82,54,43,42,55,26,26,122,161,188,182,183,228,297,374,458,406,449,475,488,555,616
1308,AZE,12,Bahamas,#N/A,2924,Alcoholic Beverages,5142,Food,1000 tonnes,25.03,-77.4,5,4,5,6,7,8,8,8,9,9,10,10,10,10,9,10,10,10,10,11,10,11,11,11,12,13,12,12,13,14,12,13,12,12,11,10,10,9,10,9,9,11,10,10,9,9,9,9,10,9,10,9,8
1431,BGD,16,Bangladesh,https://www.countryflags.io/bd/flat/64.png,2924,Alcoholic Beverages,5142,Food,1000 tonnes,23.68,90.36,0,0,0,0,0,0,0,0,0,0,0,0,0,0,0,0,13,1,1,0,0,0,0,1,1,1,1,1,2,2,2,3,2,3,3,3,2,3,2,3,3,2,2,2,0,3,3,3,4,5,4,3,3
1552,BRB,14,Barbados,https://www.countryflags.io/bb/flat/64.png,2924,Alcoholic Beverages,5142,Food,1000 tonnes,13.19,-59.54,4,5,5,5,5,8,7,7,7,8,8,11,11,10,10,11,13,15,11,13,14,13,14,12,12,13,13,15,15,15,15,12,14,15,11,11,11,11,12,11,10,10,10,9,14,14,15,15,15,16,15,18,18
1683,BLR,57,Belarus,https://www.countryflags.io/by/flat/64.png,2924,Alcoholic Beverages,5142,Food,1000 tonnes,53.71,27.95,,,,,,,,,,,,,,,,,,,,,,,,,,,,,,,,440,445,394,362,447,512,432,384,349,339,344,332,382,505,599,694,730,684,735,753,755,739
1819,BEL,255,Belgium,https://www.countryflags.io/be/flat/64.png,2924,Alcoholic Beverages,5142,Food,1000 tonnes,50.5,4.47,,,,,,,,,,,,,,,,,,,,,,,,,,,,,,,,,,,,,,,,1309,1295,1256,1241,1260,1361,1302,1239,1208,1227,1224,1307,1180,1177
1932,BLZ,23,Belize,https://www.countryflags.io/bz/flat/64.png,2924,Alcoholic Beverages,5142,Food,1000 tonnes,17.19,-88.5,1,2,2,2,2,2,2,2,2,2,2,3,3,4,4,5,5,4,5,4,6,5,5,4,4,4,3,4,5,4,5,6,9,7,8,7,7,7,7,8,8,9,9,4,7,12,15,13,13,13,13,14,15
2049,BEN,53,Benin,https://www.countryflags.io/bj/flat/64.png,2924,Alcoholic Beverages,5142,Food,1000 tonnes,9.31,2.32,22,21,22,20,20,20,18,20,20,21,24,25,29,32,38,40,51,47,45,43,55,52,45,48,47,48,54,50,60,59,51,55,60,55,60,75,74,79,65,91,98,96,86,100,100,83,104,93,106,137,134,139,120
2152,BMU,17,Bermuda,https://www.countryflags.io/bm/flat/64.png,2924,Alcoholic Beverages,5142,Food,1000 tonnes,32.32,-64.76,2,2,2,2,2,3,3,3,3,3,4,5,5,5,5,5,5,6,6,6,6,6,6,6,6,6,7,7,6,5,5,6,7,6,6,6,6,6,6,6,6,6,6,5,6,6,6,6,6,5,5,5,2
2273,BOL,19,Bolivia (Plurinational State of),#N/A,2924,Alcoholic Beverages,5142,Food,1000 tonnes,-16.29,-63.59,24,25,30,33,31,35,37,38,41,44,48,48,51,65,82,103,115,124,134,130,133,104,85,88,92,109,111,109,122,122,131,131,154,157,174,173,181,184,236,239,230,232,185,219,245,270,291,324,316,323,320,381,383
2396,BIH,80,Bosnia and Herzegovina,https://www.countryflags.io/ba/flat/64.png,2924,Alcoholic Beverages,5142,Food,1000 tonnes,43.92,17.68,,,,,,,,,,,,,,,,,,,,,,,,,,,,,,,,138,117,115,120,136,158,152,152,161,181,213,219,244,255,297,307,312,302,290,295,293,299
2521,BWA,20,Botswana,https://www.countryflags.io/bw/flat/64.png,2924,Alcoholic Beverages,5142,Food,1000 tonnes,-22.33,24.68,37,36,40,39,42,46,46,44,48,49,51,61,64,43,49,46,44,27,29,33,34,33,37,47,59,60,60,60,70,77,70,86,86,81,87,96,88,92,86,92,101,111,108,104,109,122,126,139,127,120,123,126,126
2658,BRA,21,Brazil,https://www.countryflags.io/br/flat/64.png,2924,Alcoholic Beverages,5142,Food,1000 tonnes,-14.24,-51.93,858,973,932,877,1104,1203,1187,1245,1325,1352,1495,1473,1644,1714,1758,1933,2167,2652,2858,2883,2965,3147,3257,3304,3443,4182,4097,4441,5061,5187,6300,5209,5254,6078,7775,7320,7647,7588,7250,9757,10115,8987,8644,9755,9989,10283,10659,11700,11650,13850,14392,14312,14512
2780,BRN,26,Brunei Darussalam,https://www.countryflags.io/bn/flat/64.png,2924,Alcoholic Beverages,5142,Food,1000 tonnes,4.54,114.73,1,1,1,1,1,1,1,1,2,2,2,2,2,2,2,3,3,4,4,5,5,6,7,8,8,7,8,7,8,8,0,2,2,1,1,1,1,1,1,1,1,0,0,0,1,3,4,3,1,5,5,4,4
2912,BGR,27,Bulgaria,https://www.countryflags.io/bg/flat/64.png,2924,Alcoholic Beverages,5142,Food,1000 tonnes,42.73,25.49,364,394,420,413,449,474,483,537,569,595,613,634,688,734,769,803,817,846,852,862,846,871,865,867,836,850,860,865,896,567,594,566,628,660,586,559,426,463,555,554,533,523,566,527,553,648,702,719,657,664,644,697,689
3028,BFA,233,Burkina Faso,https://www.countryflags.io/bf/flat/64.png,2924,Alcoholic Beverages,5142,Food,1000 tonnes,12.24,-1.56,734,768,900,828,835,892,998,1059,959,992,981,866,914,985,1182,1269,1033,1240,1238,1235,1104,1262,1167,1190,1208,1549,1845,1632,1882,1735,1703,2233,2364,2274,2289,2486,2365,2218,2361,1894,2506,2517,2665,2739,2908,2823,3024,3067,3203,3355,3270,3437,3473
3136,CPV,35,Cabo Verde,https://www.countryflags.io/cv/flat/64.png,2924,Alcoholic Beverages,5142,Food,1000 tonnes,16,-24.01,1,1,1,2,2,2,2,2,2,3,3,4,5,6,6,4,4,3,3,3,3,3,4,5,4,5,6,6,5,6,7,7,8,11,9,11,10,12,14,13,14,15,15,16,16,18,19,18,19,22,21,21,20
3251,KHM,115,Cambodia,https://www.countryflags.io/kh/flat/64.png,2924,Alcoholic Beverages,5142,Food,1000 tonnes,12.57,104.99,9,10,9,6,7,7,9,9,8,8,6,6,5,4,4,4,4,3,2,1,1,5,6,4,3,3,3,2,5,7,5,10,11,43,37,38,53,57,63,66,68,63,83,93,160,170,188,208,209,238,333,446,519
3374,CMR,32,Cameroon,https://www.countryflags.io/cm/flat/64.png,2924,Alcoholic Beverages,5142,Food,1000 tonnes,7.37,12.35,281,287,298,337,296,332,308,297,339,322,355,354,358,418,419,374,426,545,561,544,523,578,600,549,619,703,672,653,717,653,710,627,628,555,627,593,566,741,672,782,889,947,988,1020,1037,1083,1129,1210,1364,1425,1456,1615,1701
3512,CAN,33,Canada,https://www.countryflags.io/ca/flat/64.png,2924,Alcoholic Beverages,5142,Food,1000 tonnes,56.13,-106.35,1238,1309,1337,1410,1438,1695,1790,1787,1920,2032,2197,2279,2518,2558,2523,2472,2475,2504,2594,2569,2689,2593,2703,2773,2741,2715,2698,2697,2713,2700,2739,2790,2765,2879,2906,2852,2874,2943,3097,3201,3222,3302,2919,3250,3395,3121,3181,3198,3153,2907,2933,2978,2982
3624,CAF,37,Central African Republic,https://www.countryflags.io/cf/flat/64.png,2924,Alcoholic Beverages,5142,Food,1000 tonnes,6.61,20.94,31,32,31,33,31,36,38,38,38,40,53,41,43,63,41,40,60,50,48,56,51,54,50,48,60,67,66,58,59,55,68,71,83,76,69,67,60,67,61,77,75,70,69,75,83,87,84,91,82,93,95,95,82
3726,TCD,39,Chad,https://www.countryflags.io/td/flat/64.png,2924,Alcoholic Beverages,5142,Food,1000 tonnes,15.45,18.73,10,11,11,14,13,13,15,16,17,17,18,19,20,22,24,24,24,24,22,17,19,19,17,19,22,19,19,20,20,20,24,23,19,21,15,29,22,21,22,19,22,20,27,20,32,51,45,51,55,61,59,83,78
3853,CHL,40,Chile,https://www.countryflags.io/cl/flat/64.png,2924,Alcoholic Beverages,5142,Food,1000 tonnes,-35.68,-71.54,581,569,615,602,640,659,674,649,589,613,668,675,698,668,658,688,686,709,715,718,724,705,665,672,679,552,605,617,611,630,518,563,582,576,568,580,562,641,562,529,604,595,681,688,732,843,875,927,936,959,1007,1110,1107
3988,CHN,96,"China, Hong Kong SAR",#N/A,2924,Alcoholic Beverages,5142,Food,1000 tonnes,22.4,114.11,28,31,38,45,66,53,53,52,62,82,83,81,94,90,91,102,120,126,135,158,171,148,168,151,162,167,194,183,202,203,201,209,189,210,199,207,209,177,191,161,185,176,175,169,177,178,167,194,208,195,206,206,204
4109,CHN,128,"China, Macao SAR",#N/A,2924,Alcoholic Beverages,5142,Food,1000 tonnes,22.2,113.54,2,2,2,2,3,3,3,3,4,4,5,4,5,5,5,5,5,6,6,7,9,7,7,9,8,9,10,11,12,14,19,18,14,15,15,20,20,15,15,15,17,18,19,20,20,21,23,23,22,23,25,27,26
4253,CHN,41,"China, mainland",https://www.countryflags.io/cn/flat/64.png,2924,Alcoholic Beverages,5142,Food,1000 tonnes,35.86,104.2,683,905,825,857,997,1109,1030,1137,1267,1385,1398,1520,1751,1857,2422,2489,2339,2889,2605,4523,4508,5185,6174,7032,8357,10240,12372,14030,13278,14283,15899,18075,20872,22791,26568,25890,28313,28381,29002,30270,32926,34392,34744,39583,41630,46051,51077,53201,53539,56364,59905,59483,62397
4394,CHN,214,"China, Taiwan Province of",#N/A,2924,Alcoholic Beverages,5142,Food,1000 tonnes,23.7,120.96,115,117,118,137,150,128,141,158,170,185,191,212,254,244,266,291,337,392,458,469,478,502,511,531,556,581,657,662,708,763,737,752,767,801,864,798,820,847,802,785,680,623,629,602,588,627,624,597,741,794,804,841,812
4528,COL,44,Colombia,https://www.countryflags.io/co/flat/64.png,2924,Alcoholic Beverages,5142,Food,1000 tonnes,4.57,-74.3,668,677,681,689,717,676,616,598,677,736,779,815,823,884,889,898,917,924,920,920,939,978,1051,1038,1101,1098,1169,1230,1188,1362,1073,734,1246,1116,1207,1152,1158,1143,1086,1486,1545,1374,1678,1749,1811,1917,1943,2017,2038,1961,2040,2142,2145
4648,COD,46,Congo,#N/A,2924,Alcoholic Beverages,5142,Food,1000 tonnes,-0.23,15.83,25,21,18,20,18,19,23,25,27,26,28,31,36,39,55,54,54,61,57,62,74,79,93,105,101,100,84,81,67,60,72,75,80,58,55,56,41,55,55,63,64,73,73,76,68,80,99,95,139,145,165,150,176
4777,CRI,48,Costa Rica,https://www.countryflags.io/cr/flat/64.png,2924,Alcoholic Beverages,5142,Food,1000 tonnes,9.75,-83.75,15,14,16,16,17,19,17,18,19,20,20,24,29,31,31,30,32,35,36,36,36,37,37,41,42,53,50,61,58,63,70,59,63,73,73,72,74,76,76,80,83,84,84,86,80,110,113,107,109,107,116,102,111
4898,CIV,107,CÃ´te d'Ivoire,#N/A,2924,Alcoholic Beverages,5142,Food,1000 tonnes,7.54,-5.55,78,66,84,94,92,92,91,101,91,90,110,118,125,145,156,199,230,247,425,435,375,361,391,386,420,409,400,420,419,394,415,423,448,426,530,547,543,561,588,571,688,754,738,786,786,758,740,797,828,859,912,867,843
5025,HRV,98,Croatia,https://www.countryflags.io/hr/flat/64.png,2924,Alcoholic Beverages,5142,Food,1000 tonnes,45.1,15.2,,,,,,,,,,,,,,,,,,,,,,,,,,,,,,,,455,442,485,480,491,560,564,549,565,580,562,566,559,489,449,471,446,428,406,438,412,409
5161,CUB,49,Cuba,https://www.countryflags.io/cu/flat/64.png,2924,Alcoholic Beverages,5142,Food,1000 tonnes,21.52,-77.78,154,106,104,122,117,128,154,101,81,122,152,194,208,209,245,241,242,260,257,265,256,285,302,309,326,346,387,393,394,261,178,246,181,192,201,214,205,258,284,291,297,310,309,295,309,314,335,362,340,365,361,358,375
5297,CYP,50,Cyprus,https://www.countryflags.io/cy/flat/64.png,2924,Alcoholic Beverages,5142,Food,1000 tonnes,35.13,33.43,13,11,13,14,15,13,15,13,15,16,17,19,20,18,17,16,18,21,23,24,26,28,30,31,33,34,34,36,39,41,40,46,43,45,44,43,43,46,46,47,50,51,56,56,55,50,54,58,55,57,58,59,59
5426,CZE,167,Czechia,#N/A,2924,Alcoholic Beverages,5142,Food,1000 tonnes,49.82,15.47,,,,,,,,,,,,,,,,,,,,,,,,,,,,,,,,,1663,1776,1742,1759,1814,1792,1801,1768,1752,1783,1802,1845,1837,1872,1723,1785,1718,1622,1656,1701,1667
5524,KOR,116,Democratic People's Republic of Korea,#N/A,2924,Alcoholic Beverages,5142,Food,1000 tonnes,40.34,127.51,203,203,216,204,189,168,139,127,129,131,142,135,160,169,145,132,137,156,164,182,177,179,189,204,206,210,222,224,227,238,239,233,244,302,297,281,252,224,204,210,168,193,201,192,197,210,202,192,206,200,214,206,195
5660,DNK,54,Denmark,https://www.countryflags.io/dk/flat/64.png,2924,Alcoholic Beverages,5142,Food,1000 tonnes,56.26,9.5,372,378,392,425,415,458,477,493,539,581,621,660,707,693,738,754,763,736,755,763,778,798,797,777,767,765,747,745,755,778,787,770,755,769,773,784,782,739,721,718,717,705,708,667,654,646,639,621,581,563,562,524,529
5769,DJI,72,Djibouti,https://www.countryflags.io/dj/flat/64.png,2924,Alcoholic Beverages,5142,Food,1000 tonnes,11.83,42.59,3,3,3,3,3,4,4,4,4,5,4,4,5,4,5,3,5,5,3,3,3,3,4,3,4,3,4,3,3,3,3,3,4,3,2,3,3,3,3,3,3,4,3,4,4,3,4,4,4,4,3,5,4
5881,DMA,55,Dominica,https://www.countryflags.io/dm/flat/64.png,2924,Alcoholic Beverages,5142,Food,1000 tonnes,15.41,-61.37,1,1,1,1,1,1,1,1,1,1,1,1,1,1,1,1,1,1,1,2,1,1,1,1,1,2,2,2,2,2,3,3,3,3,4,1,2,1,1,2,2,2,1,2,2,2,2,2,1,1,1,2,1
5992,DOM,56,Dominican Republic,https://www.countryflags.io/do/flat/64.png,2924,Alcoholic Beverages,5142,Food,1000 tonnes,18.74,-70.16,14,31,38,39,28,30,27,34,41,47,53,61,61,65,64,70,89,101,122,139,151,137,122,118,130,139,156,177,183,181,185,254,236,268,253,256,286,330,365,411,350,387,395,405,487,504,443,487,428,523,526,511,449
6125,ECU,58,Ecuador,https://www.countryflags.io/ec/flat/64.png,2924,Alcoholic Beverages,5142,Food,1000 tonnes,-1.83,-78.18,43,43,40,48,49,52,51,58,67,71,70,83,95,106,123,157,169,217,221,202,200,195,193,165,166,188,205,303,232,154,189,204,193,139,122,120,186,228,210,169,183,202,230,252,274,283,375,387,556,594,577,621,624
6259,EGY,59,Egypt,#N/A,2924,Alcoholic Beverages,5142,Food,1000 tonnes,26.82,30.8,20,23,22,22,24,26,24,23,23,24,25,25,30,29,27,33,39,44,38,44,48,53,33,38,45,49,50,54,52,53,47,45,39,40,40,42,43,44,46,59,143,131,164,260,268,199,297,213,199,205,118,104,105
6390,SLV,60,El Salvador,https://www.countryflags.io/sv/flat/64.png,2924,Alcoholic Beverages,5142,Food,1000 tonnes,13.79,-88.9,18,19,19,19,20,20,19,20,22,26,27,29,31,44,51,58,60,62,62,61,63,57,49,56,60,67,67,63,61,66,74,88,99,100,112,108,106,102,119,122,116,116,131,147,154,168,168,152,150,148,138,135,167
6524,EST,63,Estonia,https://www.countryflags.io/ee/flat/64.png,2924,Alcoholic Beverages,5142,Food,1000 tonnes,58.6,25.01,,,,,,,,,,,,,,,,,,,,,,,,,,,,,,,,62,63,69,72,72,83,92,112,114,121,133,130,162,155,168,166,165,158,172,180,193,197
6641,ETH,238,Ethiopia,https://www.countryflags.io/et/flat/64.png,2924,Alcoholic Beverages,5142,Food,1000 tonnes,9.15,40.49,,,,,,,,,,,,,,,,,,,,,,,,,,,,,,,,,208,206,210,298,341,305,410,360,369,362,368,413,492,651,603,654,673,804,821,1350,1428
6765,FJI,66,Fiji,https://www.countryflags.io/fj/flat/64.png,2924,Alcoholic Beverages,5142,Food,1000 tonnes,-16.58,179.41,4,3,3,4,5,5,5,6,7,9,10,12,14,16,17,17,18,17,19,19,19,20,20,19,18,16,15,16,18,20,19,18,18,17,17,18,18,18,20,18,19,21,16,22,24,25,22,23,23,25,25,34,26
6898,FIN,67,Finland,https://www.countryflags.io/fi/flat/64.png,2924,Alcoholic Beverages,5142,Food,1000 tonnes,61.92,25.75,120,118,122,131,152,158,170,184,281,269,277,303,304,316,285,328,308,301,299,333,333,327,342,357,356,379,393,436,474,481,512,533,509,491,502,477,491,496,528,517,545,549,551,593,565,537,559,541,537,534,553,522,525
7038,FRA,68,France,https://www.countryflags.io/fr/flat/64.png,2924,Alcoholic Beverages,5142,Food,1000 tonnes,46.23,2.21,8203,8370,8386,8626,8465,8517,8543,8627,8533,8542,8570,8622,8733,8759,8997,9149,8673,8465,8995,8661,8440,8436,8194,7844,7485,7181,7039,6951,6949,6687,6336,6734,6644,6517,6348,6306,5933,6075,5963,5413,5495,5479,5475,5639,5661,5657,5637,4841,5524,4883,5494,4868,4575
7160,PYF,70,French Polynesia,https://www.countryflags.io/pf/flat/64.png,2924,Alcoholic Beverages,5142,Food,1000 tonnes,-17.68,-149.41,3,3,3,5,6,9,10,11,8,10,10,9,10,11,9,10,10,9,10,10,9,11,11,12,11,13,12,12,10,11,13,13,13,12,13,13,13,13,13,15,17,18,18,17,18,17,17,17,18,18,18,18,17
7280,GAB,74,Gabon,https://www.countryflags.io/ga/flat/64.png,2924,Alcoholic Beverages,5142,Food,1000 tonnes,-0.8,11.61,21,22,20,29,23,22,25,17,19,22,25,28,29,37,53,68,72,74,73,79,80,101,105,110,118,113,102,118,94,86,98,82,80,72,95,86,88,89,96,95,96,95,98,100,98,106,117,125,126,131,132,141,151
7390,GMB,75,Gambia,#N/A,2924,Alcoholic Beverages,5142,Food,1000 tonnes,13.44,-15.31,16,15,17,16,16,15,14,15,16,15,17,17,17,16,9,7,6,6,8,9,8,13,14,11,16,23,22,21,20,22,20,24,20,23,22,25,26,34,41,42,44,46,52,52,51,51,52,50,54,55,54,58,58
7520,GEO,73,Georgia,https://www.countryflags.io/ge/flat/64.png,2924,Alcoholic Beverages,5142,Food,1000 tonnes,42.32,43.36,,,,,,,,,,,,,,,,,,,,,,,,,,,,,,,,195,182,171,106,98,81,70,70,77,65,63,61,66,83,125,157,165,154,152,155,117,128
7666,DEU,79,Germany,https://www.countryflags.io/de/flat/64.png,2924,Alcoholic Beverages,5142,Food,1000 tonnes,51.17,10.45,7599,8176,8798,9563,9731,10157,10261,10692,11351,12194,12348,12744,13304,12863,13302,13627,13702,13229,13471,13284,13772,14654,14162,13488,13287,13791,13583,13629,14145,13750,13957,14255,12716,12923,12610,12479,12325,12453,12649,12465,12297,12001,11308,11326,11123,11746,11570,11156,11010,10434,10792,10712,10575
7789,GHA,81,Ghana,https://www.countryflags.io/gh/flat/64.png,2924,Alcoholic Beverages,5142,Food,1000 tonnes,7.95,-1.02,132,136,139,150,131,169,145,127,138,204,251,247,253,285,232,294,249,194,238,204,202,190,183,239,221,208,290,267,263,261,309,341,409,425,459,456,418,450,440,393,380,422,449,437,473,489,332,522,558,467,461,477,418
7928,GRC,84,Greece,https://www.countryflags.io/gr/flat/64.png,2924,Alcoholic Beverages,5142,Food,1000 tonnes,39.07,21.82,338,324,314,320,330,356,362,368,382,366,323,318,333,394,377,377,403,447,469,500,564,578,590,614,616,646,589,708,644,669,613,634,630,602,593,590,652,678,764,716,773,801,608,725,716,826,724,749,719,672,606,632,615
8050,GRD,86,Grenada,https://www.countryflags.io/gd/flat/64.png,2924,Alcoholic Beverages,5142,Food,1000 tonnes,12.26,-61.6,1,1,1,1,1,1,1,1,2,2,2,2,2,1,2,2,2,2,2,2,2,2,2,2,2,2,3,2,2,3,3,3,2,3,3,2,3,3,3,3,3,3,3,3,4,3,3,3,3,3,3,3,3
8181,GTM,89,Guatemala,https://www.countryflags.io/gt/flat/64.png,2924,Alcoholic Beverages,5142,Food,1000 tonnes,15.78,-90.23,29,28,31,33,36,37,36,36,39,41,46,51,63,69,73,79,77,86,86,87,98,95,88,94,98,85,103,115,88,93,86,93,88,86,109,109,113,116,94,103,108,118,94,83,94,159,153,153,186,181,193,181,200
8294,GIN,90,Guinea,https://www.countryflags.io/gn/flat/64.png,2924,Alcoholic Beverages,5142,Food,1000 tonnes,9.95,-9.7,7,7,7,7,7,7,7,7,7,7,7,7,7,5,6,7,7,7,4,3,3,3,3,3,3,6,7,7,19,4,12,14,14,14,11,8,11,15,14,13,10,12,18,14,15,18,18,19,16,12,27,22,30
8386,GNB,175,Guinea-Bissau,https://www.countryflags.io/gw/flat/64.png,2924,Alcoholic Beverages,5142,Food,1000 tonnes,11.8,-15.18,8,8,9,10,10,12,12,12,11,11,11,12,14,14,14,14,19,16,19,20,27,32,28,30,26,22,23,28,23,24,28,24,29,30,33,30,20,22,23,33,31,29,25,34,44,44,40,38,37,37,39,39,40
8506,GUY,91,Guyana,https://www.countryflags.io/gy/flat/64.png,2924,Alcoholic Beverages,5142,Food,1000 tonnes,4.86,-58.93,7,7,6,7,8,9,10,9,10,10,10,11,12,12,14,19,21,20,19,22,20,19,14,14,18,20,17,22,19,19,21,24,18,19,16,16,21,19,18,18,18,17,15,16,18,16,15,16,20,19,24,25,29
8621,HTI,93,Haiti,https://www.countryflags.io/ht/flat/64.png,2924,Alcoholic Beverages,5142,Food,1000 tonnes,18.97,-72.29,51,51,52,44,46,45,40,42,44,46,47,49,51,52,53,54,54,54,56,58,59,63,50,44,64,58,53,61,64,64,58,51,51,51,63,72,73,73,75,64,64,65,43,83,82,93,93,93,92,93,93,93,92
8753,HND,95,Honduras,https://www.countryflags.io/hn/flat/64.png,2924,Alcoholic Beverages,5142,Food,1000 tonnes,15.2,-86.24,16,17,17,20,22,22,22,24,27,31,33,35,37,38,38,32,41,47,54,53,51,48,54,58,53,59,62,71,74,80,76,81,90,82,91,91,111,107,107,108,109,117,118,114,127,134,135,149,140,136,165,180,158
8895,HUN,97,Hungary,https://www.countryflags.io/hu/flat/64.png,2924,Alcoholic Beverages,5142,Food,1000 tonnes,47.16,19.5,688,716,742,782,809,815,898,920,1000,1056,1080,1056,1101,1124,1194,1265,1313,1372,1368,1388,1375,1397,1365,1361,1359,1400,1376,1369,1404,1464,1417,1350,1251,1239,1112,1100,1092,1098,1064,1088,1140,1158,1163,1146,1142,1154,1146,1049,1039,969,1022,997,943
9021,ISL,99,Iceland,https://www.countryflags.io/is/flat/64.png,2924,Alcoholic Beverages,5142,Food,1000 tonnes,64.96,-19.02,3,3,3,3,3,3,4,3,3,4,4,5,5,5,5,6,6,7,6,6,7,7,7,7,8,7,7,8,10,10,10,9,8,10,11,12,13,14,16,17,17,18,19,24,26,26,27,27,28,25,27,28,28
9155,IND,100,India,https://www.countryflags.io/in/flat/64.png,2924,Alcoholic Beverages,5142,Food,1000 tonnes,20.59,78.96,177,184,161,181,173,195,206,238,260,271,312,326,358,379,365,432,467,479,526,526,568,637,629,628,701,759,794,849,948,979,1091,980,1061,1120,1332,1627,1458,1415,1647,1691,1625,1616,1809,1520,1254,1743,2512,2374,1603,1855,2465,2534,2525
9281,IDN,101,Indonesia,https://www.countryflags.io/id/flat/64.png,2924,Alcoholic Beverages,5142,Food,1000 tonnes,-0.79,113.92,6,7,7,8,9,9,15,16,20,30,36,43,55,69,64,60,66,67,66,81,92,104,109,59,72,78,94,85,102,106,110,89,100,88,133,190,161,166,156,163,180,164,165,157,164,162,181,224,232,218,251,289,300
9401,IRN,102,Iran (Islamic Republic of),#N/A,2924,Alcoholic Beverages,5142,Food,1000 tonnes,32.43,53.69,12,11,10,11,18,21,17,37,44,42,44,54,69,68,70,74,82,68,12,0,0,0,1,0,1,1,1,1,1,1,1,1,1,1,1,1,1,1,1,1,1,1,1,1,2,1,3,3,2,1,1,1,1
9521,IRQ,103,Iraq,https://www.countryflags.io/iq/flat/64.png,2924,Alcoholic Beverages,5142,Food,1000 tonnes,33.22,43.68,4,4,4,4,5,6,6,7,7,8,9,10,13,13,22,21,21,35,45,36,45,57,47,60,54,60,62,64,70,77,36,47,68,67,71,54,52,53,55,54,47,43,24,96,49,3,39,48,59,59,54,66,63
9657,IRL,104,Ireland,https://www.countryflags.io/ie/flat/64.png,2924,Alcoholic Beverages,5142,Food,1000 tonnes,53.41,-8.24,177,180,189,196,193,198,202,226,230,246,265,282,289,293,294,294,293,306,325,322,320,308,297,307,311,328,326,328,362,372,491,502,548,584,597,748,789,810,838,820,845,889,716,717,760,742,801,758,699,723,757,745,821
9792,ISR,105,Israel,https://www.countryflags.io/il/flat/64.png,2924,Alcoholic Beverages,5142,Food,1000 tonnes,31.05,34.85,45,49,53,54,58,57,52,59,63,66,69,68,73,74,79,83,79,81,78,76,79,78,81,78,87,75,76,76,72,74,71,73,89,78,83,82,93,94,94,100,102,109,120,127,132,125,135,146,148,150,157,167,170
9938,ITA,106,Italy,https://www.countryflags.io/it/flat/64.png,2924,Alcoholic Beverages,5142,Food,1000 tonnes,41.87,12.57,5877,5984,6011,5874,6325,6394,6387,6789,6828,6853,6845,6824,6940,7020,6636,6391,6191,6269,6256,6206,5942,5839,5944,5773,5559,5296,5125,5034,4960,4902,4944,4653,4609,4626,4687,4659,4610,4510,4531,4633,4684,4353,4651,4571,4387,4176,4289,3961,3734,3634,3671,3640,3611
10060,JAM,109,Jamaica,https://www.countryflags.io/jm/flat/64.png,2924,Alcoholic Beverages,5142,Food,1000 tonnes,18.11,-77.3,22,26,23,28,32,35,36,40,47,51,52,61,66,63,73,68,62,68,58,71,62,64,66,55,58,60,69,73,83,81,80,83,77,68,64,66,63,63,60,62,72,71,66,67,70,70,66,72,67,68,91,77,97
10203,JPN,110,Japan,https://www.countryflags.io/jp/flat/64.png,2924,Alcoholic Beverages,5142,Food,1000 tonnes,36.2,138.25,2765,2832,3178,3472,3448,3657,4141,4147,4351,4695,4891,5337,5753,5607,5801,5580,6264,6347,6640,6543,6523,6939,7269,6674,6884,7149,7683,8236,8418,8793,9002,9155,9155,9466,9172,9179,8849,8375,8018,7586,6947,6335,6048,5943,5598,5639,5563,5279,5142,5100,5838,5955,5925
10330,JOR,112,Jordan,https://www.countryflags.io/jo/flat/64.png,2924,Alcoholic Beverages,5142,Food,1000 tonnes,30.59,36.24,1,1,1,1,1,1,1,2,2,2,2,2,2,3,3,4,5,7,8,7,6,7,8,6,5,5,5,5,5,6,5,4,7,7,7,8,9,9,11,10,10,8,7,9,8,8,9,8,9,6,5,3,7
10468,KAZ,108,Kazakhstan,https://www.countryflags.io/kz/flat/64.png,2924,Alcoholic Beverages,5142,Food,1000 tonnes,48.02,66.92,,,,,,,,,,,,,,,,,,,,,,,,,,,,,,,,349,273,246,180,164,196,209,189,248,248,317,333,418,520,596,696,666,552,619,604,673,658
10597,KEN,114,Kenya,https://www.countryflags.io/ke/flat/64.png,2924,Alcoholic Beverages,5142,Food,1000 tonnes,-0.02,37.91,361,377,384,398,383,465,486,462,440,492,504,521,565,565,563,582,608,615,564,575,439,351,309,376,479,490,519,578,543,537,475,531,405,415,474,389,433,410,403,372,394,427,461,400,545,530,593,522,618,578,735,767,842
10693,KIR,83,Kiribati,https://www.countryflags.io/ki/flat/64.png,2924,Alcoholic Beverages,5142,Food,1000 tonnes,-3.37,-168.73,0,0,0,0,0,0,0,0,0,0,0,1,0,1,1,1,1,1,1,1,1,0,0,0,0,0,0,0,0,0,0,0,0,0,1,1,1,1,1,1,1,1,1,1,1,1,1,0,1,0,0,0,0
10814,KWT,118,Kuwait,https://www.countryflags.io/kw/flat/64.png,2924,Alcoholic Beverages,5142,Food,1000 tonnes,29.31,47.48,0,0,0,0,0,0,0,0,0,0,0,0,0,0,0,0,0,0,0,0,0,0,0,0,0,0,0,0,0,0,0,0,0,0,0,0,0,0,0,0,0,0,1,0,0,0,1,1,4,0,0,0,0
10937,KGZ,113,Kyrgyzstan,#N/A,2924,Alcoholic Beverages,5142,Food,1000 tonnes,41.2,74.77,,,,,,,,,,,,,,,,,,,,,,,,,,,,,,,,64,39,39,28,39,40,46,28,35,40,46,54,67,65,62,74,65,60,69,78,75,72
11040,LAO,120,Lao People's Democratic Republic,#N/A,2924,Alcoholic Beverages,5142,Food,1000 tonnes,19.86,102.5,13,13,12,13,15,14,15,16,18,19,15,17,17,16,16,16,17,17,18,22,24,24,24,24,25,25,26,26,28,32,36,37,41,44,49,56,68,74,76,80,68,76,83,87,91,94,104,88,74,94,91,90,108
11176,LVA,119,Latvia,https://www.countryflags.io/lv/flat/64.png,2924,Alcoholic Beverages,5142,Food,1000 tonnes,56.88,24.6,,,,,,,,,,,,,,,,,,,,,,,,,,,,,,,,107,64,84,94,97,102,114,148,141,129,170,174,149,195,204,213,206,200,198,198,182,185
11305,LBN,121,Lebanon,https://www.countryflags.io/lb/flat/64.png,2924,Alcoholic Beverages,5142,Food,1000 tonnes,33.85,35.86,13,13,12,13,12,13,13,13,14,14,15,15,17,19,18,20,18,20,20,22,24,24,23,25,26,27,26,28,20,26,40,35,43,49,49,34,43,36,36,34,40,40,37,48,45,48,49,53,59,74,79,71,66
11382,LSO,122,Lesotho,https://www.countryflags.io/ls/flat/64.png,2924,Alcoholic Beverages,5142,Food,1000 tonnes,-29.61,28.23,33,34,40,38,37,40,34,34,31,36,41,15,30,57,29,22,46,71,62,64,62,41,64,58,54,44,39,43,40,41,31,31,42,44,40,41,40,41,42,43,43,44,46,48,50,50,52,52,58,55,51,45,53
11479,LBR,123,Liberia,https://www.countryflags.io/lr/flat/64.png,2924,Alcoholic Beverages,5142,Food,1000 tonnes,6.43,-9.43,7,10,7,6,8,11,10,9,9,10,13,13,14,18,19,19,22,23,26,25,23,20,19,25,25,26,24,26,23,17,17,22,17,21,23,18,23,21,21,20,20,21,22,23,25,28,28,29,29,30,37,35,36
11617,LTU,126,Lithuania,https://www.countryflags.io/lt/flat/64.png,2924,Alcoholic Beverages,5142,Food,1000 tonnes,55.17,23.88,,,,,,,,,,,,,,,,,,,,,,,,,,,,,,,,139,143,140,156,175,190,204,234,262,280,324,330,338,374,386,370,388,355,390,412,396,397
11746,LUX,256,Luxembourg,https://www.countryflags.io/lu/flat/64.png,2924,Alcoholic Beverages,5142,Food,1000 tonnes,49.82,6.13,,,,,,,,,,,,,,,,,,,,,,,,,,,,,,,,,,,,,,,,87,78,80,85,83,81,84,86,84,86,83,84,80,80
11871,MDG,129,Madagascar,https://www.countryflags.io/mg/flat/64.png,2924,Alcoholic Beverages,5142,Food,1000 tonnes,-18.77,46.87,45,45,47,44,40,37,37,42,40,40,42,38,42,40,47,50,53,54,51,54,46,40,47,43,47,50,49,46,51,56,46,47,45,47,50,60,46,53,84,85,88,67,85,83,81,83,95,96,110,146,142,134,133
11992,MWI,130,Malawi,https://www.countryflags.io/mw/flat/64.png,2924,Alcoholic Beverages,5142,Food,1000 tonnes,-13.25,34.3,88,90,100,112,119,126,134,146,164,159,183,202,216,240,260,259,295,117,115,119,130,120,80,77,105,113,97,102,104,102,101,100,105,123,159,164,155,165,162,162,156,164,173,177,183,252,268,251,250,252,288,272,317
12123,MYS,131,Malaysia,https://www.countryflags.io/my/flat/64.png,2924,Alcoholic Beverages,5142,Food,1000 tonnes,4.21,101.98,43,38,36,34,41,42,41,41,41,38,40,39,53,63,59,68,73,85,103,118,117,119,95,101,113,100,98,109,120,137,139,102,90,75,77,83,83,87,81,102,114,115,112,117,82,89,121,109,125,193,205,254,266
12231,MDV,132,Maldives,https://www.countryflags.io/mv/flat/64.png,2924,Alcoholic Beverages,5142,Food,1000 tonnes,3.2,73.22,0,0,0,0,0,0,0,0,0,0,0,0,0,0,0,0,0,0,0,0,0,0,0,0,0,1,1,1,1,1,1,1,1,1,2,2,2,2,2,2,2,2,2,2,2,3,3,3,3,3,3,3,3
12346,MLI,133,Mali,https://www.countryflags.io/ml/flat/64.png,2924,Alcoholic Beverages,5142,Food,1000 tonnes,17.57,-4,35,31,35,30,28,30,32,36,32,42,33,33,33,36,36,37,38,34,38,32,30,41,38,40,53,55,59,61,61,61,54,48,49,51,54,56,57,49,58,65,69,69,70,72,75,76,79,84,85,89,96,103,103
12474,MLT,134,Malta,https://www.countryflags.io/mt/flat/64.png,2924,Alcoholic Beverages,5142,Food,1000 tonnes,35.94,14.38,4,4,4,4,5,5,6,6,7,8,8,8,9,9,10,12,11,12,12,12,14,13,12,14,13,13,16,21,19,19,18,22,24,24,22,22,22,21,25,23,21,21,19,26,20,24,25,27,25,21,25,27,25
12592,MRT,136,Mauritania,https://www.countryflags.io/mr/flat/64.png,2924,Alcoholic Beverages,5142,Food,1000 tonnes,21.01,-10.94,1,1,1,1,1,0,0,0,0,1,1,1,1,1,1,1,1,1,1,1,0,0,0,0,0,0,0,0,0,0,0,0,0,0,0,0,0,0,0,0,0,0,0,0,0,0,0,0,0,0,0,0,0
12710,MUS,137,Mauritius,https://www.countryflags.io/mu/flat/64.png,2924,Alcoholic Beverages,5142,Food,1000 tonnes,-20.35,57.55,8,8,8,8,7,7,8,7,6,7,7,9,10,12,14,16,19,18,17,16,15,16,17,17,19,21,27,29,28,30,33,33,32,31,34,35,38,39,41,40,40,37,39,39,40,39,39,33,40,42,40,40,41
12843,MEX,138,Mexico,https://www.countryflags.io/mx/flat/64.png,2924,Alcoholic Beverages,5142,Food,1000 tonnes,23.63,-102.55,903,902,912,1089,1173,1231,1315,1341,1451,1507,1361,1581,1804,2056,2065,2075,2288,2359,2644,2790,2988,2938,2657,2680,2786,2691,2979,3202,3795,3870,4170,4253,4348,4484,4211,4405,4739,4804,5066,5079,5089,5253,5453,5543,5830,6074,6384,6401,6793,6455,6587,6513,6431
12958,MNG,141,Mongolia,https://www.countryflags.io/mn/flat/64.png,2924,Alcoholic Beverages,5142,Food,1000 tonnes,46.86,103.85,3,3,4,3,4,4,4,4,4,4,4,4,7,10,11,12,13,13,14,15,16,16,15,16,15,12,8,8,12,13,9,9,9,13,12,10,17,29,19,29,27,29,33,33,28,32,46,53,57,78,96,110,119
13075,MNE,273,Montenegro,https://www.countryflags.io/me/flat/64.png,2924,Alcoholic Beverages,5142,Food,1000 tonnes,42.71,19.37,,,,,,,,,,,,,,,,,,,,,,,,,,,,,,,,,,,,,,,,,,,,,,13,15,21,21,22,17,24,23
13203,MAR,143,Morocco,https://www.countryflags.io/ma/flat/64.png,2924,Alcoholic Beverages,5142,Food,1000 tonnes,31.79,-7.09,42,50,59,69,65,70,66,64,79,85,83,84,92,94,95,94,104,97,97,106,137,102,90,87,98,137,149,145,144,125,153,149,107,136,161,151,121,181,166,100,98,91,108,110,110,110,117,117,123,111,121,119,140
13318,MOZ,144,Mozambique,https://www.countryflags.io/mz/flat/64.png,2924,Alcoholic Beverages,5142,Food,1000 tonnes,-18.67,35.53,60,56,59,71,72,81,80,82,83,84,78,96,103,97,73,65,58,54,52,73,66,35,36,24,23,36,25,22,38,49,69,55,51,66,92,83,67,81,93,82,102,105,78,102,116,117,112,149,129,189,189,175,176
13431,MMR,28,Myanmar,https://www.countryflags.io/mm/flat/64.png,2924,Alcoholic Beverages,5142,Food,1000 tonnes,21.91,95.96,9,13,9,12,16,14,14,13,17,15,12,17,20,7,5,9,10,11,11,9,11,13,14,18,19,18,18,13,17,10,10,21,23,31,42,44,37,24,23,34,37,26,28,32,32,38,43,50,60,90,126,175,186
13551,NAM,147,Namibia,https://www.countryflags.io/na/flat/64.png,2924,Alcoholic Beverages,5142,Food,1000 tonnes,-22.96,18.49,2,1,1,2,2,2,2,2,3,3,3,3,3,3,3,3,4,4,4,4,4,4,4,5,5,5,5,5,5,4,5,4,4,7,2,5,23,14,72,97,91,94,93,87,93,99,105,158,207,199,209,150,188
13672,NPL,149,Nepal,https://www.countryflags.io/np/flat/64.png,2924,Alcoholic Beverages,5142,Food,1000 tonnes,28.39,84.12,0,0,0,0,0,0,0,0,0,0,0,0,0,0,1,1,1,1,1,2,2,1,2,3,2,3,4,5,6,7,10,12,14,15,17,19,22,21,20,22,19,23,29,31,32,30,33,31,42,51,49,57,61
13812,NLD,150,Netherlands,https://www.countryflags.io/nl/flat/64.png,2924,Alcoholic Beverages,5142,Food,1000 tonnes,52.13,5.29,356,379,431,486,532,558,636,659,767,862,941,1022,1148,1204,1286,1365,1387,1412,1429,1478,1529,1439,1509,1485,1553,1539,1522,1532,1614,1661,1680,1709,1573,1557,1571,1467,1851,1909,1819,1762,1696,1638,1641,1632,1652,1621,1714,1589,1522,1417,1454,1350,1288
13941,NCL,153,New Caledonia,https://www.countryflags.io/nc/flat/64.png,2924,Alcoholic Beverages,5142,Food,1000 tonnes,-20.9,165.62,7,7,7,8,9,9,9,11,11,15,16,7,7,8,9,8,9,8,9,8,8,9,9,7,6,8,9,9,10,10,10,11,14,11,14,13,17,17,15,13,15,16,15,16,16,16,16,17,16,17,18,18,17
14075,NZL,156,New Zealand,https://www.countryflags.io/nz/flat/64.png,2924,Alcoholic Beverages,5142,Food,1000 tonnes,-40.9,174.89,261,274,276,284,293,308,321,328,337,355,378,388,410,415,430,417,425,448,418,432,440,425,414,434,439,461,460,444,438,434,411,419,398,396,387,393,372,380,374,361,368,363,361,362,364,369,373,383,364,347,353,343,349
14204,NIC,157,Nicaragua,https://www.countryflags.io/ni/flat/64.png,2924,Alcoholic Beverages,5142,Food,1000 tonnes,12.87,-85.21,13,16,16,20,23,22,24,26,24,25,26,25,31,31,30,32,37,34,34,38,42,40,41,41,42,45,44,36,41,46,48,43,48,45,44,38,47,59,66,61,57,62,71,81,61,77,88,94,73,79,76,98,97
14323,NER,158,Niger,https://www.countryflags.io/ne/flat/64.png,2924,Alcoholic Beverages,5142,Food,1000 tonnes,17.61,8.08,3,3,3,3,2,2,3,3,3,3,4,4,5,5,5,4,7,10,10,11,13,13,8,10,8,11,10,8,7,6,7,5,6,1,5,5,4,6,5,4,6,5,6,6,6,9,9,9,9,10,11,10,10
14453,NGA,159,Nigeria,https://www.countryflags.io/ng/flat/64.png,2924,Alcoholic Beverages,5142,Food,1000 tonnes,9.08,8.68,1838,1935,1944,2004,1980,1973,2030,2089,2142,2545,2625,2726,3386,3791,4030,4416,4805,4817,5285,5497,5667,6026,5455,5525,5613,5780,6008,5667,5807,5744,6054,6110,6158,6355,6410,7043,7587,8121,8430,8610,8590,8946,9277,9492,9604,9673,9926,10105,10214,10349,10574,11007,11218
14592,NOR,162,Norway,https://www.countryflags.io/no/flat/64.png,2924,Alcoholic Beverages,5142,Food,1000 tonnes,60.47,8.47,105,105,109,109,116,118,127,141,153,161,174,180,188,197,200,204,208,208,215,229,238,219,216,221,230,245,254,256,264,262,265,254,251,264,269,281,296,294,300,304,313,323,326,353,349,359,366,373,369,365,358,352,354
14718,OMN,221,Oman,https://www.countryflags.io/om/flat/64.png,2924,Alcoholic Beverages,5142,Food,1000 tonnes,21.51,55.92,,,,,,,,,,,,,,,,,,,,,,,,,,,,,,5,7,7,7,7,7,8,8,8,6,8,8,10,8,9,10,12,13,15,13,13,15,17,15
14850,PAK,165,Pakistan,https://www.countryflags.io/pk/flat/64.png,2924,Alcoholic Beverages,5142,Food,1000 tonnes,30.38,69.35,4,4,4,5,14,5,5,5,5,6,6,4,4,5,5,6,7,7,10,11,12,12,13,15,16,18,16,17,19,22,23,26,29,31,33,34,29,32,25,29,22,19,17,18,11,12,10,9,8,11,14,9,9
14980,PAN,166,Panama,https://www.countryflags.io/pa/flat/64.png,2924,Alcoholic Beverages,5142,Food,1000 tonnes,8.54,-80.78,27,29,30,31,33,35,37,36,41,43,45,35,42,47,51,52,44,53,65,76,79,81,80,84,89,101,110,94,111,125,131,124,128,137,138,136,147,162,167,160,147,155,166,178,182,196,224,255,277,273,298,320,319
15104,PRY,169,Paraguay,https://www.countryflags.io/py/flat/64.png,2924,Alcoholic Beverages,5142,Food,1000 tonnes,-23.44,-58.44,19,21,24,23,24,27,28,27,30,38,36,37,42,51,55,56,75,87,101,108,103,110,109,120,120,135,138,135,146,152,177,179,241,281,317,308,300,311,312,298,321,285,312,302,319,250,262,281,252,273,293,297,282
15234,PER,170,Peru,https://www.countryflags.io/pe/flat/64.png,2924,Alcoholic Beverages,5142,Food,1000 tonnes,-9.19,-75.02,243,259,250,255,281,322,305,326,331,337,401,403,452,491,538,619,583,507,570,647,635,667,653,661,675,861,986,816,666,605,692,797,787,878,894,843,845,756,717,717,662,732,755,759,856,945,1063,1235,1232,1251,1309,1475,1596
15376,PHL,171,Philippines,https://www.countryflags.io/ph/flat/64.png,2924,Alcoholic Beverages,5142,Food,1000 tonnes,12.88,121.77,134,170,260,268,291,276,356,422,379,427,453,471,454,586,613,724,788,847,940,693,703,898,1169,1145,1389,1132,1435,1063,1042,1007,959,992,955,939,1031,1055,1076,1100,1126,1156,1195,1221,1240,1248,1262,1310,1338,1355,1371,1390,1405,1435,1469
15511,POL,173,Poland,https://www.countryflags.io/pl/flat/64.png,2924,Alcoholic Beverages,5142,Food,1000 tonnes,51.92,19.15,997,950,1033,1064,1081,1144,1238,1319,1400,1442,1553,1653,1785,1751,1847,1888,1913,1829,1804,1820,1618,1577,1603,1608,1766,1792,1841,1878,1864,1735,1976,1957,1829,1950,2023,2249,2594,2771,3136,3180,3071,3229,3361,3520,3673,3905,4176,4148,4050,4076,4214,4394,4348
15646,PRT,174,Portugal,https://www.countryflags.io/pt/flat/64.png,2924,Alcoholic Beverages,5142,Food,1000 tonnes,39.4,-8.22,729,721,930,672,724,938,970,1002,1081,861,1221,941,1012,1099,1151,1327,1236,1041,1047,1207,1358,1248,1268,1190,1229,1127,1231,1183,1320,1339,1304,1235,1296,1305,1325,1286,1267,1285,1276,1236,1173,1270,1273,1299,1283,1281,1189,1144,1116,1197,1120,1096,1020
15781,QAT,117,Republic of Korea,#N/A,2924,Alcoholic Beverages,5142,Food,1000 tonnes,35.91,127.77,532,629,554,505,602,777,929,876,1010,1260,1667,1795,2084,2169,2103,2293,2486,2375,2581,2662,2653,2651,2327,2412,2382,2460,2556,2694,2777,2814,2971,2935,2816,3026,3009,2972,3007,2740,2942,2945,3222,3267,3304,3362,3323,3412,3553,3627,3466,3613,3650,3697,3755
15910,MDA,146,Republic of Moldova,#N/A,2924,Alcoholic Beverages,5142,Food,1000 tonnes,47.41,28.37,,,,,,,,,,,,,,,,,,,,,,,,,,,,,,,,187,175,153,139,113,93,96,93,106,92,109,117,139,159,173,192,211,178,175,190,174,174
16048,ROU,183,Romania,https://www.countryflags.io/ro/flat/64.png,2924,Alcoholic Beverages,5142,Food,1000 tonnes,45.94,24.97,650,773,795,808,843,878,872,944,985,1082,1146,1164,1357,1444,1553,1642,1665,1839,1881,1882,1939,1964,1977,2018,1963,1958,1858,1842,1862,1620,1590,1595,1679,1531,1543,1474,1566,1558,1697,1787,1809,1820,1896,2062,1972,2266,2492,2489,2282,2145,2200,2306,2236
16186,RUS,185,Russian Federation,https://www.countryflags.io/ru/flat/64.png,2924,Alcoholic Beverages,5142,Food,1000 tonnes,61.52,105.32,,,,,,,,,,,,,,,,,,,,,,,,,,,,,,,,5249,5264,4452,4512,3569,4088,4877,6132,6931,8414,9143,9845,10843,11678,12348,14049,13875,13402,12691,12601,12433,11395
16297,RWA,184,Rwanda,https://www.countryflags.io/rw/flat/64.png,2924,Alcoholic Beverages,5142,Food,1000 tonnes,-1.94,29.87,46,63,68,67,73,74,79,75,70,79,83,84,87,83,88,105,113,126,119,130,146,144,147,144,155,157,149,151,155,132,140,129,128,96,104,103,97,126,95,114,127,123,114,126,153,157,146,153,149,162,171,178,142
16395,KNA,188,Saint Kitts and Nevis,#N/A,2924,Alcoholic Beverages,5142,Food,1000 tonnes,17.36,-62.78,1,1,1,1,1,1,1,1,1,1,1,1,1,1,1,1,1,1,1,1,1,1,1,1,1,1,1,1,2,2,2,1,2,2,2,2,2,2,2,2,2,2,2,2,2,2,2,2,2,2,2,2,2
16510,LCA,189,Saint Lucia,#N/A,2924,Alcoholic Beverages,5142,Food,1000 tonnes,13.91,-60.98,1,1,1,2,2,2,1,2,2,2,3,2,2,2,2,2,3,5,6,5,6,5,3,4,5,5,5,6,6,6,8,8,9,9,8,8,8,8,9,10,7,7,8,8,7,7,6,6,8,9,11,11,12
16619,VCT,191,Saint Vincent and the Grenadines,#N/A,2924,Alcoholic Beverages,5142,Food,1000 tonnes,12.98,-61.29,1,1,1,1,1,1,1,1,1,1,2,1,1,1,1,1,1,1,2,2,2,2,2,2,1,1,1,1,1,1,1,1,2,1,1,2,2,2,2,2,2,3,3,3,3,4,4,4,4,3,4,4,4
16725,WSM,244,Samoa,https://www.countryflags.io/ws/flat/64.png,2924,Alcoholic Beverages,5142,Food,1000 tonnes,-13.76,-172.1,0,0,0,0,1,1,1,1,1,1,1,1,2,2,2,3,3,3,2,1,1,2,4,3,3,3,6,5,5,4,4,3,6,5,4,5,3,3,2,4,5,5,3,4,4,6,5,5,4,5,6,4,4
16818,STP,193,Sao Tome and Principe,https://www.countryflags.io/st/flat/64.png,2924,Alcoholic Beverages,5142,Food,1000 tonnes,0.19,6.61,2,2,2,3,3,3,3,3,4,4,3,3,3,2,2,2,2,1,1,2,1,1,0,0,0,0,0,1,1,1,2,2,3,3,3,4,4,4,4,4,5,5,5,5,5,5,5,5,5,6,6,5,7
16947,SAU,194,Saudi Arabia,https://www.countryflags.io/sa/flat/64.png,2924,Alcoholic Beverages,5142,Food,1000 tonnes,23.89,45.08,0,0,0,0,0,0,0,0,0,0,0,0,0,0,0,0,9,22,26,26,24,42,42,56,39,32,37,38,28,30,42,13,6,11,13,13,13,16,1,0,1,1,1,1,0,0,0,0,0,0,0,0,0
17067,SEN,195,Senegal,https://www.countryflags.io/sn/flat/64.png,2924,Alcoholic Beverages,5142,Food,1000 tonnes,14.5,-14.45,22,21,25,21,18,16,15,15,16,16,17,20,18,18,28,32,38,34,35,28,26,25,28,23,22,21,26,29,34,35,30,30,29,30,30,32,31,34,33,34,37,41,42,42,40,40,37,32,29,28,30,29,28
17194,SRB,272,Serbia,https://www.countryflags.io/rs/flat/64.png,2924,Alcoholic Beverages,5142,Food,1000 tonnes,44.02,21.01,,,,,,,,,,,,,,,,,,,,,,,,,,,,,,,,,,,,,,,,,,,,,,776,789,777,715,740,742,765,741
17305,SLE,197,Sierra Leone,https://www.countryflags.io/sl/flat/64.png,2924,Alcoholic Beverages,5142,Food,1000 tonnes,8.46,-11.78,136,139,140,142,145,147,149,153,157,159,157,138,125,128,142,144,149,148,144,153,151,157,171,165,177,174,176,176,180,178,177,177,175,175,174,174,174,179,186,187,210,213,223,226,227,233,244,250,255,255,259,253,259
17435,SVK,199,Slovakia,#N/A,2924,Alcoholic Beverages,5142,Food,1000 tonnes,48.67,19.7,,,,,,,,,,,,,,,,,,,,,,,,,,,,,,,,,484,571,512,548,630,509,516,545,555,568,558,522,515,515,520,514,520,464,478,491,454
17567,SVN,198,Slovenia,https://www.countryflags.io/si/flat/64.png,2924,Alcoholic Beverages,5142,Food,1000 tonnes,46.15,15,,,,,,,,,,,,,,,,,,,,,,,,,,,,,,,,257,272,272,274,259,244,200,198,202,161,173,162,193,216,195,209,187,189,189,194,191,179
17668,SLB,25,Solomon Islands,https://www.countryflags.io/sb/flat/64.png,2924,Alcoholic Beverages,5142,Food,1000 tonnes,-9.65,160.16,0,1,1,1,0,1,1,1,1,1,1,1,1,1,1,1,1,1,2,2,2,2,2,3,3,3,2,2,2,2,2,3,1,1,1,1,2,1,1,1,2,3,3,3,5,5,6,8,5,6,8,6,4
17804,ZAF,202,South Africa,https://www.countryflags.io/za/flat/64.png,2924,Alcoholic Beverages,5142,Food,1000 tonnes,-30.56,22.94,584,651,725,822,935,956,961,1035,1134,1058,1237,1377,1464,1527,1664,1680,1571,1777,1743,2116,2263,2469,2546,2747,2591,2671,2946,3036,3311,3264,3319,3306,3071,3030,2929,3221,3311,3341,3423,3162,3153,3191,3218,3258,3118,3170,3357,3429,3744,3145,3548,3877,3959
17955,ESP,203,Spain,https://www.countryflags.io/es/flat/64.png,2924,Alcoholic Beverages,5142,Food,1000 tonnes,40.46,-3.75,2319,2357,2297,2687,2858,3008,3034,2914,3034,3080,3140,3306,3480,3895,4014,4014,4014,4066,4494,4415,4348,3938,4113,4144,4299,4399,4524,4523,4555,4733,4577,4314,4287,4320,4279,4178,4190,3950,4254,4366,4468,4562,4970,5104,4944,5298,4965,4786,4685,4644,4636,4609,4626
18083,LKA,38,Sri Lanka,https://www.countryflags.io/lk/flat/64.png,2924,Alcoholic Beverages,5142,Food,1000 tonnes,7.87,80.77,12,11,10,12,12,10,10,12,13,13,11,13,10,8,10,11,13,20,18,15,16,15,14,14,15,14,14,14,13,15,15,16,15,17,18,20,23,36,36,37,35,48,48,53,56,52,52,60,58,75,108,142,139
18191,SDN,276,Sudan,https://www.countryflags.io/sd/flat/64.png,2924,Alcoholic Beverages,5142,Food,1000 tonnes,12.86,30.22,,,,,,,,,,,,,,,,,,,,,,,,,,,,,,,,,,,,,,,,,,,,,,,,,,,,655,755
18304,SUR,207,Suriname,https://www.countryflags.io/sr/flat/64.png,2924,Alcoholic Beverages,5142,Food,1000 tonnes,3.92,-56.03,6,7,7,7,8,8,9,10,12,13,12,13,13,11,11,13,15,15,16,17,18,18,18,18,17,14,13,12,13,14,15,16,14,18,18,18,21,20,20,20,20,21,23,23,25,25,26,27,28,28,29,29,30
18421,SWZ,209,Swaziland,#N/A,2924,Alcoholic Beverages,5142,Food,1000 tonnes,-26.52,31.47,35,31,27,25,26,29,34,37,41,48,60,57,61,67,69,66,55,54,53,53,26,30,35,46,66,49,23,33,54,51,51,51,60,67,72,62,81,81,102,109,124,86,85,75,79,80,72,78,71,75,76,76,90
18561,SWE,210,Sweden,https://www.countryflags.io/se/flat/64.png,2924,Alcoholic Beverages,5142,Food,1000 tonnes,60.13,18.64,289,288,311,384,406,428,456,519,575,574,577,592,582,615,629,618,597,554,553,542,525,528,537,526,535,572,574,620,670,665,660,684,674,714,728,720,711,695,656,672,681,701,685,629,594,632,601,585,567,615,735,751,761
18703,CHE,211,Switzerland,https://www.countryflags.io/ch/flat/64.png,2924,Alcoholic Beverages,5142,Food,1000 tonnes,46.82,8.23,661,720,728,757,728,747,789,780,815,778,820,799,829,811,818,794,760,754,762,788,823,870,872,829,814,806,806,782,815,804,822,820,772,767,727,725,717,702,705,688,771,755,762,735,734,747,764,777,773,785,788,784,790
18807,TJK,208,Tajikistan,https://www.countryflags.io/tj/flat/64.png,2924,Alcoholic Beverages,5142,Food,1000 tonnes,38.86,71.28,,,,,,,,,,,,,,,,,,,,,,,,,,,,,,,,44,27,24,27,24,14,10,7,6,13,11,6,7,10,12,10,7,6,6,7,10,13
18938,THA,216,Thailand,https://www.countryflags.io/th/flat/64.png,2924,Alcoholic Beverages,5142,Food,1000 tonnes,15.87,100.99,9,15,27,46,49,100,99,108,120,124,128,125,132,163,184,236,345,371,446,406,397,408,487,515,412,398,466,548,676,773,770,818,991,1100,1348,1436,1491,1600,1664,1762,1884,1900,2219,2294,2301,2666,2790,2797,2453,2438,2572,2868,2746
19066,THA,154,The former Yugoslav Republic of Macedonia,#N/A,2924,Alcoholic Beverages,5142,Food,1000 tonnes,41.61,21.75,,,,,,,,,,,,,,,,,,,,,,,,,,,,,,,,112,95,103,88,85,76,89,81,83,77,69,88,77,75,70,68,73,68,63,63,63,68
19154,TLS,176,Timor-Leste,https://www.countryflags.io/tl/flat/64.png,2924,Alcoholic Beverages,5142,Food,1000 tonnes,-8.87,125.73,1,1,1,1,1,1,2,2,2,2,3,2,2,2,2,2,2,2,2,2,2,2,2,2,2,2,2,2,2,3,3,3,3,3,3,3,4,4,4,4,4,4,4,4,4,0,0,0,0,1,5,6,6
19268,TGO,217,Togo,https://www.countryflags.io/tg/flat/64.png,2924,Alcoholic Beverages,5142,Food,1000 tonnes,8.62,0.82,48,47,43,63,60,70,83,73,64,67,71,82,97,96,77,81,96,58,58,69,83,93,77,70,83,90,93,88,77,73,62,54,59,59,73,53,54,55,47,48,47,55,68,51,64,77,84,77,78,77,75,65,94
19385,TTO,220,Trinidad and Tobago,https://www.countryflags.io/tt/flat/64.png,2924,Alcoholic Beverages,5142,Food,1000 tonnes,10.69,-61.22,13,14,15,14,18,15,14,14,19,23,25,26,28,26,29,33,37,32,37,44,42,40,42,42,41,41,41,36,46,40,52,49,39,35,18,20,32,35,38,37,45,51,31,38,38,48,49,54,41,46,33,33,39
19510,TUN,222,Tunisia,https://www.countryflags.io/tn/flat/64.png,2924,Alcoholic Beverages,5142,Food,1000 tonnes,33.89,9.54,47,56,55,56,58,58,51,51,55,51,52,51,54,54,50,46,51,55,52,51,51,55,58,55,53,62,57,56,61,57,65,71,79,84,71,70,76,62,94,86,82,78,67,76,74,83,88,90,102,106,107,137,140
19638,TUR,223,Turkey,https://www.countryflags.io/tr/flat/64.png,2924,Alcoholic Beverages,5142,Food,1000 tonnes,38.96,35.24,113,122,113,122,138,142,132,141,158,165,170,181,201,180,215,226,266,267,270,319,349,361,381,320,259,260,323,355,405,459,501,570,648,669,720,746,794,780,772,768,849,801,833,837,899,916,920,1026,1007,1040,1069,1057,1038
19729,TKM,213,Turkmenistan,https://www.countryflags.io/tm/flat/64.png,2924,Alcoholic Beverages,5142,Food,1000 tonnes,38.97,59.56,,,,,,,,,,,,,,,,,,,,,,,,,,,,,,,,8,11,30,32,34,41,38,38,38,41,46,53,56,59,57,51,45,43,44,43,42,43
19856,UGA,226,Uganda,https://www.countryflags.io/ug/flat/64.png,2924,Alcoholic Beverages,5142,Food,1000 tonnes,1.37,32.29,1443,1473,1538,1589,1363,1472,1668,1780,1847,2316,2516,2334,2584,2648,2546,2709,2633,2565,2200,1985,1920,2103,1970,2201,2027,2172,2299,2470,2613,2691,2729,2727,2838,2919,3014,3124,3096,3300,3316,3317,3399,3452,3430,3464,3582,3616,3600,2550,2504,2719,2943,2943,2763
19988,UKR,230,Ukraine,https://www.countryflags.io/ua/flat/64.png,2924,Alcoholic Beverages,5142,Food,1000 tonnes,48.38,31.17,,,,,,,,,,,,,,,,,,,,,,,,,,,,,,,,1663,1464,1259,1065,970,1044,1078,1219,1456,1628,1898,2139,2549,2826,3146,3661,3654,3366,3617,3508,3365,3160
20252,GBR,229,United Kingdom,https://www.countryflags.io/gb/flat/64.png,2924,Alcoholic Beverages,5142,Food,1000 tonnes,55.38,-3.44,4893,4902,4978,5223,5208,5339,5455,5605,5837,5997,6252,6406,6859,7052,7150,7278,7209,7372,7611,7263,6998,6794,6970,7047,7018,7068,7230,7352,7385,7390,7143,6972,6780,7037,6800,6986,7170,6895,7021,6704,7019,7090,7394,7337,7503,7069,6894,6639,6090,6248,6447,6089,5904
20383,TZA,215,United Republic of Tanzania,#N/A,2924,Alcoholic Beverages,5142,Food,1000 tonnes,-6.37,34.89,765,747,776,590,633,714,617,682,680,800,678,754,737,769,1059,1264,1446,1922,2422,1969,1685,2259,1878,1801,2400,2206,2149,1491,1957,1568,1897,1995,1975,2096,2126,1799,2601,2417,2185,2187,2355,1964,1341,2301,2369,2596,3027,2277,2946,3202,3344,2945,3280
20522,USA,231,United States of America,https://www.countryflags.io/us/flat/64.png,2924,Alcoholic Beverages,5142,Food,1000 tonnes,37.09,-95.71,12623,12929,13408,13993,14429,15131,15550,16355,17064,18195,18631,19319,20262,21227,21550,22323,23216,24179,25310,26516,26862,26785,27142,26988,27238,27244,27757,27981,27229,27696,27498,27174,27535,27551,27338,27595,27862,28075,28398,28918,29186,30027,29627,29971,30296,30543,30618,30397,30026,30147,29713,30494,30053
20646,URY,234,Uruguay,https://www.countryflags.io/uy/flat/64.png,2924,Alcoholic Beverages,5142,Food,1000 tonnes,-32.52,-55.77,184,139,185,153,157,141,139,156,152,179,182,182,171,159,164,148,113,114,127,135,146,153,166,178,153,148,150,190,179,183,156,177,183,192,203,212,238,227,220,184,191,158,171,191,188,185,181,160,157,165,181,185,175
20771,UZB,235,Uzbekistan,https://www.countryflags.io/uz/flat/64.png,2924,Alcoholic Beverages,5142,Food,1000 tonnes,41.38,64.59,,,,,,,,,,,,,,,,,,,,,,,,,,,,,,,,158,146,168,193,180,167,162,168,161,146,157,166,172,179,204,206,232,289,362,367,335,331
20869,VUT,155,Vanuatu,https://www.countryflags.io/vu/flat/64.png,2924,Alcoholic Beverages,5142,Food,1000 tonnes,-15.38,166.96,2,2,2,2,2,2,2,2,2,2,2,2,2,3,1,2,2,2,2,2,2,2,2,2,2,2,1,2,1,1,1,1,1,1,1,1,1,1,1,1,0,0,0,0,0,1,1,1,1,1,1,1,1
20997,VEN,236,Venezuela (Bolivarian Republic of),#N/A,2924,Alcoholic Beverages,5142,Food,1000 tonnes,6.42,-66.59,271,279,282,302,319,343,381,407,440,545,485,505,510,522,515,802,915,1022,1117,1235,1316,1224,1267,1296,1057,1193,1394,1592,1230,1376,1536,1767,1763,1637,1654,1613,1818,2005,1837,2001,2200,1828,1889,2139,2334,2538,2679,2584,2445,2298,2122,2221,2090
21106,VNM,237,Viet Nam,#N/A,2924,Alcoholic Beverages,5142,Food,1000 tonnes,14.06,108.28,114,119,125,133,148,153,168,157,174,188,185,163,161,124,118,126,123,125,141,107,108,106,105,145,143,159,161,175,190,158,197,240,301,373,399,438,490,768,578,639,629,706,864,1043,1149,1039,1192,1196,1302,1357,1419,1466,1520
21225,YEM,249,Yemen,#N/A,2924,Alcoholic Beverages,5142,Food,1000 tonnes,15.55,48.52,47,46,46,46,45,44,43,42,41,40,39,36,31,22,21,31,27,34,26,29,25,25,13,17,25,19,14,17,20,19,11,23,23,21,21,18,15,18,14,14,15,13,9,11,8,9,11,9,7,15,9,11,11
21344,ZMB,251,Zambia,https://www.countryflags.io/zm/flat/64.png,2924,Alcoholic Beverages,5142,Food,1000 tonnes,-13.13,27.85,373,377,380,388,415,445,468,451,447,449,468,562,609,479,438,441,451,440,374,320,294,265,240,240,221,239,252,288,277,287,278,299,331,349,401,371,359,362,390,326,316,299,304,313,292,339,293,315,359,383,405,418,449
21466,ZWE,181,Zimbabwe,https://www.countryflags.io/zw/flat/64.png,2924,Alcoholic Beverages,5142,Food,1000 tonnes,-19.02,29.15,210,259,239,242,246,293,284,297,282,333,318,315,258,404,337,360,234,261,216,270,304,220,216,248,261,282,257,286,285,270,244,210,253,330,252,303,312,307,289,306,304,304,284,294,290,316,355,398,437,448,476,525,516