,Area Abbreviation,Area Code,Area,Item Code,Item,Element Code,Element,Unit,latitude,longitude,Y1961,Y1962,Y1963,Y1964,Y1965,Y1966,Y1967,Y1968,Y1969,Y1970,Y1971,Y1972,Y1973,Y1974,Y1975,Y1976,Y1977,Y1978,Y1979,Y1980,Y1981,Y1982,Y1983,Y1984,Y1985,Y1986,Y1987,Y1988,Y1989,Y1990,Y1991,Y1992,Y1993,Y1994,Y1995,Y1996,Y1997,Y1998,Y1999,Y2000,Y2001,Y2002,Y2003,Y2004,Y2005,Y2006,Y2007,Y2008,Y2009,Y2010,Y2011,Y2012,Y2013
44,AFG,2,Afghanistan,2655,Wine,5142,Food,1000 tonnes,33.94,67.71,0.0,0.0,0.0,0.0,0.0,0.0,0.0,0.0,0.0,0.0,0.0,0.0,0.0,0.0,0.0,0.0,0.0,0.0,0.0,0.0,0.0,0.0,0.0,0.0,0.0,0.0,0.0,0.0,0.0,0.0,0.0,0.0,0.0,0.0,0.0,0.0,0.0,0.0,0.0,0.0,0.0,0.0,0.0,0.0,0.0,1.0,1.0,0.0,0.0,0.0,0.0,0,0
149,ALB,3,Albania,2655,Wine,5142,Food,1000 tonnes,41.15,20.17,3.0,4.0,2.0,2.0,2.0,0.0,2.0,3.0,5.0,5.0,1.0,5.0,6.0,4.0,1.0,1.0,2.0,4.0,2.0,0.0,7.0,3.0,6.0,5.0,1.0,4.0,7.0,10.0,12.0,25.0,6.0,7.0,7.0,7.0,19.0,31.0,17.0,11.0,13.0,8.0,15.0,7.0,11.0,15.0,19.0,19.0,20.0,19.0,20.0,23.0,24.0,24,25
276,DZA,4,Algeria,2655,Wine,5142,Food,1000 tonnes,28.03,1.66,0.0,0.0,0.0,0.0,0.0,0.0,0.0,0.0,0.0,0.0,0.0,0.0,0.0,0.0,0.0,0.0,0.0,0.0,0.0,0.0,0.0,0.0,0.0,0.0,0.0,0.0,0.0,0.0,0.0,0.0,0.0,0.0,0.0,0.0,0.0,0.0,0.0,0.0,0.0,0.0,0.0,0.0,0.0,0.0,0.0,0.0,0.0,0.0,0.0,0.0,0.0,0,0
384,AGO,7,Angola,2655,Wine,5142,Food,1000 tonnes,-11.2,17.87,68.0,49.0,61.0,74.0,86.0,94.0,85.0,81.0,81.0,73.0,55.0,45.0,40.0,42.0,20.0,10.0,5.0,1.0,6.0,9.0,14.0,11.0,16.0,18.0,27.0,11.0,8.0,20.0,29.0,30.0,37.0,60.0,35.0,38.0,30.0,27.0,46.0,53.0,24.0,25.0,38.0,40.0,50.0,58.0,75.0,86.0,88.0,116.0,80.0,91.0,95.0,103,100
502,ATG,8,Antigua and Barbuda,2655,Wine,5142,Food,1000 tonnes,17.06,-61.8,0.0,0.0,0.0,0.0,0.0,0.0,0.0,0.0,0.0,0.0,0.0,0.0,0.0,0.0,0.0,0.0,0.0,0.0,0.0,0.0,0.0,0.0,0.0,0.0,0.0,0.0,0.0,0.0,1.0,0.0,0.0,0.0,0.0,0.0,0.0,0.0,0.0,0.0,0.0,1.0,1.0,0.0,0.0,0.0,0.0,0.0,1.0,0.0,0.0,0.0,1.0,0,1
622,ARG,9,Argentina,2655,Wine,5142,Food,1000 tonnes,-38.42,-63.62,1642.0,1800.0,1932.0,1914.0,1969.0,1914.0,2029.0,2120.0,2163.0,2276.0,2163.0,2044.0,1905.0,2055.0,2217.0,2311.0,2353.0,2222.0,2066.0,2107.0,2102.0,2100.0,2055.0,1981.0,1855.0,1856.0,1838.0,1786.0,1723.0,1771.0,1781.0,1678.0,1572.0,1441.0,1389.0,1337.0,1352.0,1269.0,1261.0,1251.0,1205.0,1200.0,1235.0,1113.0,1099.0,1112.0,1117.0,1068.0,1035.0,976.0,982.0,1008,1038
753,ARM,1,Armenia,2655,Wine,5142,Food,1000 tonnes,40.07,45.04,0.0,0.0,0.0,0.0,0.0,0.0,0.0,0.0,0.0,0.0,0.0,0.0,0.0,0.0,0.0,0.0,0.0,0.0,0.0,0.0,0.0,0.0,0.0,0.0,0.0,0.0,0.0,0.0,0.0,0.0,0.0,26.0,28.0,24.0,10.0,8.0,5.0,2.0,6.0,4.0,6.0,4.0,2.0,7.0,7.0,4.0,3.0,3.0,4.0,5.0,6.0,4,4
881,AUS,10,Australia,2655,Wine,5142,Food,1000 tonnes,-25.27,133.78,51.0,52.0,55.0,59.0,60.0,63.0,72.0,83.0,94.0,111.0,111.0,117.0,130.0,149.0,169.0,181.0,194.0,204.0,239.0,255.0,272.0,289.0,302.0,317.0,335.0,344.0,338.0,339.0,319.0,311.0,306.0,324.0,320.0,328.0,328.0,329.0,348.0,365.0,374.0,390.0,399.0,402.0,421.0,437.0,457.0,464.0,487.0,485.0,513.0,536.0,456.0,458,455
1018,AUT,11,Austria,2655,Wine,5142,Food,1000 tonnes,47.52,14.55,167.0,170.0,217.0,227.0,226.0,235.0,247.0,249.0,258.0,270.0,269.0,278.0,269.0,268.0,276.0,274.0,266.0,271.0,271.0,265.0,265.0,284.0,277.0,260.0,249.0,259.0,262.0,271.0,272.0,265.0,263.0,264.0,251.0,259.0,256.0,244.0,252.0,251.0,253.0,250.0,231.0,242.0,228.0,246.0,266.0,270.0,244.0,246.0,269.0,257.0,260.0,250,269
1149,AZE,52,Azerbaijan,2655,Wine,5142,Food,1000 tonnes,40.14,47.58,0.0,0.0,0.0,0.0,0.0,0.0,0.0,0.0,0.0,0.0,0.0,0.0,0.0,0.0,0.0,0.0,0.0,0.0,0.0,0.0,0.0,0.0,0.0,0.0,0.0,0.0,0.0,0.0,0.0,0.0,0.0,4.0,5.0,6.0,5.0,5.0,5.0,3.0,5.0,5.0,5.0,4.0,3.0,3.0,3.0,3.0,3.0,3.0,3.0,3.0,3.0,2,2
1267,AZE,12,Bahamas,2655,Wine,5142,Food,1000 tonnes,25.03,-77.4,0.0,0.0,0.0,0.0,1.0,1.0,1.0,1.0,1.0,1.0,1.0,1.0,1.0,1.0,1.0,1.0,1.0,1.0,1.0,1.0,1.0,2.0,1.0,1.0,1.0,1.0,1.0,1.0,1.0,1.0,1.0,1.0,1.0,1.0,1.0,1.0,1.0,1.0,2.0,2.0,2.0,2.0,1.0,1.0,2.0,2.0,2.0,2.0,2.0,2.0,2.0,2,2
1386,BGD,16,Bangladesh,2655,Wine,5142,Food,1000 tonnes,23.68,90.36,0.0,0.0,0.0,0.0,0.0,0.0,0.0,0.0,0.0,0.0,0.0,0.0,0.0,0.0,0.0,0.0,0.0,0.0,0.0,0.0,0.0,0.0,0.0,0.0,0.0,0.0,0.0,0.0,0.0,0.0,0.0,0.0,0.0,0.0,0.0,0.0,0.0,0.0,0.0,0.0,0.0,0.0,0.0,0.0,0.0,0.0,0.0,0.0,0.0,0.0,0.0,0,0
1510,BRB,14,Barbados,2655,Wine,5142,Food,1000 tonnes,13.19,-59.54,0.0,0.0,0.0,0.0,0.0,0.0,0.0,0.0,0.0,0.0,0.0,0.0,0.0,0.0,0.0,0.0,0.0,0.0,0.0,1.0,1.0,1.0,1.0,1.0,1.0,1.0,1.0,1.0,1.0,1.0,1.0,1.0,1.0,1.0,1.0,1.0,1.0,0.0,1.0,1.0,1.0,1.0,1.0,1.0,2.0,2.0,2.0,3.0,3.0,2.0,2.0,2,2
1636,BLR,57,Belarus,2655,Wine,5142,Food,1000 tonnes,53.71,27.95,0.0,0.0,0.0,0.0,0.0,0.0,0.0,0.0,0.0,0.0,0.0,0.0,0.0,0.0,0.0,0.0,0.0,0.0,0.0,0.0,0.0,0.0,0.0,0.0,0.0,0.0,0.0,0.0,0.0,0.0,0.0,11.0,25.0,35.0,25.0,30.0,31.0,30.0,18.0,25.0,26.0,35.0,38.0,58.0,63.0,64.0,68.0,72.0,64.0,74.0,74.0,79,82
1772,BEL,255,Belgium,2655,Wine,5142,Food,1000 tonnes,50.5,4.47,0.0,0.0,0.0,0.0,0.0,0.0,0.0,0.0,0.0,0.0,0.0,0.0,0.0,0.0,0.0,0.0,0.0,0.0,0.0,0.0,0.0,0.0,0.0,0.0,0.0,0.0,0.0,0.0,0.0,0.0,0.0,0.0,0.0,0.0,0.0,0.0,0.0,0.0,0.0,251.0,244.0,279.0,269.0,284.0,286.0,299.0,297.0,291.0,303.0,285.0,313.0,307,305
1890,BLZ,23,Belize,2655,Wine,5142,Food,1000 tonnes,17.19,-88.5,0.0,0.0,0.0,0.0,0.0,0.0,0.0,0.0,0.0,0.0,0.0,0.0,0.0,0.0,0.0,0.0,0.0,0.0,0.0,0.0,0.0,0.0,0.0,0.0,0.0,0.0,0.0,0.0,0.0,0.0,0.0,0.0,0.0,0.0,0.0,0.0,0.0,0.0,0.0,0.0,0.0,0.0,1.0,0.0,0.0,0.0,0.0,0.0,0.0,1.0,0.0,1,1
2008,BEN,53,Benin,2655,Wine,5142,Food,1000 tonnes,9.31,2.32,2.0,2.0,2.0,2.0,2.0,2.0,2.0,2.0,2.0,2.0,2.0,2.0,2.0,2.0,3.0,3.0,3.0,2.0,2.0,1.0,3.0,2.0,1.0,1.0,1.0,2.0,2.0,2.0,2.0,2.0,1.0,2.0,3.0,1.0,2.0,3.0,3.0,4.0,5.0,4.0,3.0,2.0,4.0,5.0,5.0,7.0,2.0,4.0,4.0,9.0,10.0,7,4
2110,BMU,17,Bermuda,2655,Wine,5142,Food,1000 tonnes,32.32,-64.76,0.0,0.0,0.0,0.0,0.0,0.0,0.0,0.0,0.0,1.0,1.0,1.0,1.0,1.0,1.0,1.0,1.0,1.0,1.0,1.0,1.0,1.0,2.0,1.0,1.0,1.0,1.0,1.0,1.0,0.0,0.0,1.0,2.0,1.0,1.0,1.0,1.0,1.0,1.0,1.0,1.0,1.0,1.0,1.0,1.0,1.0,1.0,1.0,1.0,1.0,1.0,1,1
2229,BOL,19,Bolivia (Plurinational State of),2655,Wine,5142,Food,1000 tonnes,-16.29,-63.59,1.0,1.0,1.0,1.0,1.0,1.0,1.0,1.0,1.0,1.0,1.0,1.0,1.0,1.0,1.0,2.0,2.0,2.0,2.0,2.0,2.0,2.0,2.0,2.0,2.0,2.0,3.0,2.0,2.0,2.0,2.0,2.0,2.0,2.0,2.0,2.0,2.0,2.0,3.0,3.0,3.0,2.0,5.0,8.0,8.0,8.0,8.0,9.0,8.0,8.0,9.0,9,9
2349,BIH,80,Bosnia and Herzegovina,2655,Wine,5142,Food,1000 tonnes,43.92,17.68,0.0,0.0,0.0,0.0,0.0,0.0,0.0,0.0,0.0,0.0,0.0,0.0,0.0,0.0,0.0,0.0,0.0,0.0,0.0,0.0,0.0,0.0,0.0,0.0,0.0,0.0,0.0,0.0,0.0,0.0,0.0,21.0,12.0,10.0,17.0,3.0,5.0,7.0,5.0,5.0,10.0,5.0,9.0,9.0,9.0,9.0,12.0,11.0,10.0,10.0,7.0,8,7
2476,BWA,20,Botswana,2655,Wine,5142,Food,1000 tonnes,-22.33,24.68,0.0,0.0,0.0,0.0,0.0,0.0,0.0,0.0,0.0,0.0,0.0,0.0,0.0,0.0,0.0,0.0,0.0,1.0,1.0,1.0,1.0,1.0,1.0,4.0,1.0,1.0,1.0,2.0,1.0,1.0,2.0,6.0,2.0,3.0,2.0,1.0,2.0,2.0,2.0,3.0,2.0,5.0,4.0,6.0,9.0,14.0,19.0,11.0,7.0,8.0,6.0,5,5
2608,BRA,21,Brazil,2655,Wine,5142,Food,1000 tonnes,-14.24,-51.93,136.0,137.0,116.0,118.0,149.0,163.0,190.0,187.0,170.0,188.0,188.0,228.0,235.0,204.0,203.0,220.0,244.0,267.0,274.0,248.0,226.0,273.0,275.0,263.0,271.0,306.0,228.0,319.0,291.0,286.0,334.0,350.0,255.0,303.0,319.0,231.0,258.0,255.0,333.0,318.0,315.0,330.0,284.0,420.0,350.0,279.0,400.0,407.0,296.0,304.0,414.0,363,318
2735,BRN,26,Brunei Darussalam,2655,Wine,5142,Food,1000 tonnes,4.54,114.73,0.0,0.0,0.0,0.0,0.0,0.0,0.0,0.0,0.0,0.0,0.0,0.0,0.0,0.0,0.0,0.0,0.0,0.0,0.0,0.0,0.0,0.0,0.0,1.0,1.0,0.0,0.0,0.0,0.0,0.0,0.0,0.0,0.0,0.0,0.0,0.0,0.0,0.0,0.0,0.0,0.0,0.0,0.0,0.0,0.0,0.0,0.0,0.0,0.0,0.0,0.0,0,0
2864,BGR,27,Bulgaria,2655,Wine,5142,Food,1000 tonnes,42.73,25.49,177.0,192.0,191.0,191.0,193.0,191.0,183.0,205.0,195.0,189.0,182.0,182.0,190.0,185.0,195.0,192.0,196.0,194.0,195.0,185.0,198.0,185.0,173.0,153.0,126.0,122.0,125.0,114.0,103.0,100.0,97.0,98.0,99.0,86.0,84.0,86.0,61.0,25.0,85.0,88.0,64.0,68.0,61.0,71.0,87.0,101.0,101.0,114.0,93.0,105.0,70.0,82,84
2987,BFA,233,Burkina Faso,2655,Wine,5142,Food,1000 tonnes,12.24,-1.56,2.0,2.0,2.0,1.0,1.0,1.0,1.0,1.0,1.0,1.0,2.0,2.0,2.0,2.0,2.0,1.0,1.0,3.0,1.0,1.0,1.0,1.0,1.0,1.0,0.0,0.0,0.0,0.0,0.0,0.0,0.0,0.0,0.0,0.0,1.0,1.0,1.0,1.0,2.0,2.0,1.0,1.0,3.0,4.0,6.0,7.0,5.0,5.0,4.0,4.0,4.0,6,3
3097,CPV,35,Cabo Verde,2655,Wine,5142,Food,1000 tonnes,16.0,-24.01,1.0,1.0,1.0,1.0,1.0,1.0,1.0,1.0,1.0,1.0,1.0,2.0,2.0,2.0,3.0,2.0,2.0,2.0,1.0,1.0,1.0,1.0,1.0,2.0,2.0,2.0,3.0,3.0,2.0,2.0,3.0,4.0,5.0,4.0,4.0,4.0,4.0,3.0,3.0,2.0,2.0,3.0,3.0,4.0,4.0,5.0,6.0,5.0,4.0,5.0,5.0,4,4
3207,KHM,115,Cambodia,2655,Wine,5142,Food,1000 tonnes,12.57,104.99,0.0,0.0,0.0,0.0,0.0,0.0,0.0,0.0,0.0,0.0,0.0,0.0,0.0,0.0,0.0,0.0,0.0,0.0,0.0,0.0,0.0,0.0,0.0,0.0,0.0,0.0,0.0,0.0,0.0,0.0,0.0,0.0,0.0,0.0,0.0,1.0,0.0,0.0,0.0,1.0,0.0,0.0,1.0,0.0,2.0,1.0,1.0,2.0,1.0,1.0,1.0,1,1
3329,CMR,32,Cameroon,2655,Wine,5142,Food,1000 tonnes,7.37,12.35,27.0,25.0,18.0,11.0,11.0,12.0,16.0,17.0,16.0,16.0,12.0,12.0,11.0,12.0,12.0,15.0,19.0,16.0,18.0,18.0,16.0,18.0,23.0,27.0,22.0,27.0,14.0,4.0,4.0,3.0,2.0,6.0,4.0,3.0,4.0,3.0,6.0,7.0,6.0,5.0,5.0,5.0,6.0,2.0,5.0,5.0,8.0,8.0,8.0,9.0,12.0,12,10
3459,CAN,33,Canada,2655,Wine,5142,Food,1000 tonnes,56.13,-106.35,32.0,36.0,37.0,40.0,40.0,48.0,55.0,51.0,67.0,73.0,94.0,90.0,101.0,92.0,113.0,125.0,140.0,164.0,149.0,159.0,169.0,172.0,180.0,228.0,190.0,195.0,192.0,190.0,180.0,181.0,182.0,177.0,182.0,188.0,185.0,205.0,214.0,245.0,273.0,280.0,284.0,292.0,307.0,319.0,311.0,358.0,362.0,368.0,365.0,388.0,400.0,415,403
3583,CAF,37,Central African Republic,2655,Wine,5142,Food,1000 tonnes,6.61,20.94,1.0,5.0,5.0,5.0,2.0,4.0,5.0,5.0,4.0,4.0,4.0,3.0,2.0,3.0,3.0,3.0,3.0,2.0,2.0,4.0,4.0,7.0,3.0,5.0,5.0,4.0,3.0,2.0,2.0,2.0,2.0,1.0,1.0,1.0,2.0,1.0,0.0,1.0,0.0,1.0,1.0,0.0,1.0,1.0,0.0,0.0,0.0,1.0,0.0,1.0,1.0,1,0
3685,TCD,39,Chad,2655,Wine,5142,Food,1000 tonnes,15.45,18.73,1.0,2.0,1.0,2.0,2.0,2.0,2.0,2.0,2.0,2.0,1.0,1.0,1.0,1.0,1.0,1.0,1.0,1.0,0.0,0.0,0.0,0.0,0.0,1.0,1.0,1.0,0.0,0.0,0.0,0.0,0.0,0.0,0.0,0.0,0.0,0.0,0.0,0.0,0.0,0.0,0.0,0.0,0.0,0.0,0.0,0.0,1.0,1.0,1.0,3.0,2.0,2,2
3802,CHL,40,Chile,2655,Wine,5142,Food,1000 tonnes,-35.68,-71.54,453.0,449.0,479.0,476.0,460.0,466.0,482.0,461.0,417.0,417.0,467.0,474.0,498.0,505.0,504.0,530.0,525.0,537.0,526.0,516.0,515.0,507.0,467.0,475.0,477.0,343.0,346.0,354.0,338.0,369.0,246.0,237.0,227.0,252.0,213.0,229.0,192.0,272.0,201.0,200.0,220.0,221.0,235.0,230.0,251.0,251.0,250.0,270.0,272.0,274.0,294.0,297,300
3939,CHN,96,"China, Hong Kong SAR",2655,Wine,5142,Food,1000 tonnes,22.4,114.11,0.0,0.0,0.0,0.0,1.0,0.0,1.0,1.0,1.0,1.0,1.0,1.0,2.0,1.0,1.0,2.0,2.0,2.0,3.0,3.0,3.0,3.0,3.0,3.0,3.0,4.0,4.0,4.0,4.0,4.0,4.0,4.0,4.0,5.0,5.0,7.0,9.0,5.0,8.0,9.0,10.0,10.0,10.0,12.0,13.0,14.0,17.0,23.0,26.0,27.0,29.0,31,31
4063,CHN,128,"China, Macao SAR",2655,Wine,5142,Food,1000 tonnes,22.2,113.54,0.0,0.0,0.0,0.0,0.0,0.0,0.0,0.0,0.0,0.0,1.0,1.0,0.0,0.0,0.0,0.0,0.0,0.0,0.0,0.0,0.0,0.0,0.0,1.0,1.0,1.0,1.0,1.0,1.0,1.0,1.0,1.0,1.0,1.0,1.0,2.0,2.0,1.0,1.0,1.0,1.0,1.0,1.0,1.0,1.0,2.0,2.0,3.0,4.0,5.0,7.0,7,7
4204,CHN,41,"China, mainland",2655,Wine,5142,Food,1000 tonnes,35.86,104.2,0.0,0.0,0.0,0.0,0.0,0.0,0.0,0.0,0.0,0.0,0.0,0.0,0.0,0.0,0.0,0.0,0.0,15.0,30.0,80.0,111.0,118.0,129.0,160.0,233.0,252.0,278.0,308.0,271.0,253.0,299.0,445.0,494.0,609.0,698.0,752.0,933.0,1106.0,1064.0,1079.0,1105.0,1146.0,1238.0,1341.0,1400.0,1511.0,1588.0,1659.0,1721.0,1884.0,1963.0,2042,2075
4345,CHN,214,"China, Taiwan Province of",2655,Wine,5142,Food,1000 tonnes,23.7,120.96,0.0,0.0,0.0,0.0,0.0,0.0,0.0,0.0,0.0,0.0,0.0,0.0,0.0,0.0,0.0,0.0,0.0,0.0,0.0,0.0,0.0,0.0,0.0,0.0,0.0,0.0,0.0,2.0,2.0,2.0,2.0,3.0,2.0,3.0,4.0,5.0,25.0,16.0,9.0,7.0,7.0,7.0,9.0,12.0,17.0,17.0,22.0,17.0,11.0,16.0,18.0,17,16
4480,COL,44,Colombia,2655,Wine,5142,Food,1000 tonnes,4.57,-74.3,1.0,1.0,1.0,1.0,1.0,1.0,1.0,1.0,1.0,1.0,1.0,1.0,2.0,2.0,2.0,2.0,2.0,2.0,3.0,3.0,3.0,3.0,2.0,2.0,2.0,2.0,2.0,2.0,2.0,2.0,3.0,3.0,4.0,4.0,5.0,5.0,5.0,5.0,6.0,6.0,7.0,9.0,8.0,9.0,11.0,12.0,13.0,12.0,15.0,15.0,17.0,18,17
4604,COD,46,Congo,2655,Wine,5142,Food,1000 tonnes,-0.23,15.83,17.0,14.0,12.0,12.0,10.0,10.0,11.0,10.0,11.0,9.0,9.0,10.0,11.0,10.0,19.0,13.0,11.0,9.0,7.0,6.0,8.0,8.0,12.0,12.0,10.0,8.0,7.0,6.0,5.0,3.0,3.0,4.0,4.0,3.0,4.0,4.0,4.0,4.0,3.0,3.0,4.0,4.0,3.0,5.0,3.0,4.0,4.0,6.0,5.0,5.0,4.0,6,5
4730,CRI,48,Costa Rica,2655,Wine,5142,Food,1000 tonnes,9.75,-83.75,0.0,0.0,0.0,0.0,0.0,0.0,0.0,0.0,0.0,0.0,0.0,0.0,0.0,0.0,0.0,0.0,2.0,1.0,1.0,1.0,1.0,0.0,1.0,1.0,1.0,1.0,1.0,1.0,1.0,2.0,2.0,1.0,1.0,2.0,2.0,2.0,3.0,3.0,4.0,4.0,4.0,5.0,5.0,5.0,5.0,8.0,8.0,8.0,7.0,8.0,9.0,9,10
4856,CIV,107,CÃ´te d'Ivoire,2655,Wine,5142,Food,1000 tonnes,7.54,-5.55,28.0,25.0,29.0,35.0,33.0,34.0,28.0,35.0,28.0,24.0,35.0,35.0,34.0,42.0,47.0,54.0,77.0,73.0,56.0,65.0,80.0,75.0,53.0,55.0,65.0,53.0,44.0,42.0,40.0,19.0,23.0,18.0,16.0,15.0,19.0,21.0,23.0,24.0,23.0,21.0,24.0,29.0,28.0,18.0,15.0,15.0,18.0,23.0,28.0,30.0,28.0,29,27
4978,HRV,98,Croatia,2655,Wine,5142,Food,1000 tonnes,45.1,15.2,0.0,0.0,0.0,0.0,0.0,0.0,0.0,0.0,0.0,0.0,0.0,0.0,0.0,0.0,0.0,0.0,0.0,0.0,0.0,0.0,0.0,0.0,0.0,0.0,0.0,0.0,0.0,0.0,0.0,0.0,0.0,193.0,187.0,167.0,157.0,171.0,216.0,213.0,205.0,182.0,190.0,185.0,177.0,186.0,128.0,81.0,78.0,63.0,67.0,59.0,60.0,53,59
5111,CUB,49,Cuba,2655,Wine,5142,Food,1000 tonnes,21.52,-77.78,1.0,0.0,1.0,1.0,1.0,3.0,2.0,5.0,2.0,4.0,2.0,2.0,1.0,1.0,1.0,1.0,1.0,2.0,2.0,2.0,4.0,3.0,3.0,3.0,4.0,2.0,3.0,3.0,3.0,3.0,1.0,0.0,0.0,1.0,1.0,1.0,2.0,2.0,17.0,19.0,17.0,14.0,15.0,14.0,14.0,13.0,15.0,16.0,14.0,18.0,16.0,18,17
5249,CYP,50,Cyprus,2655,Wine,5142,Food,1000 tonnes,35.13,33.43,7.0,5.0,7.0,7.0,7.0,5.0,6.0,5.0,5.0,5.0,5.0,5.0,5.0,5.0,5.0,5.0,5.0,5.0,6.0,6.0,6.0,7.0,7.0,8.0,8.0,8.0,7.0,7.0,7.0,7.0,7.0,8.0,8.0,8.0,8.0,8.0,9.0,9.0,9.0,9.0,12.0,13.0,17.0,17.0,16.0,13.0,16.0,20.0,16.0,17.0,18.0,19,18
5380,CZE,167,Czechia,2655,Wine,5142,Food,1000 tonnes,49.82,15.47,0.0,0.0,0.0,0.0,0.0,0.0,0.0,0.0,0.0,0.0,0.0,0.0,0.0,0.0,0.0,0.0,0.0,0.0,0.0,0.0,0.0,0.0,0.0,0.0,0.0,0.0,0.0,0.0,0.0,0.0,0.0,0.0,66.0,65.0,65.0,66.0,68.0,67.0,66.0,68.0,89.0,111.0,118.0,134.0,124.0,127.0,126.0,125.0,126.0,126.0,133.0,133,98
5609,DNK,54,Denmark,2655,Wine,5142,Food,1000 tonnes,56.26,9.5,14.0,14.0,14.0,17.0,19.0,20.0,20.0,20.0,24.0,29.0,31.0,35.0,57.0,41.0,54.0,63.0,59.0,61.0,68.0,68.0,78.0,87.0,91.0,94.0,102.0,99.0,105.0,110.0,103.0,112.0,119.0,129.0,118.0,123.0,130.0,148.0,165.0,164.0,161.0,167.0,182.0,175.0,175.0,165.0,151.0,155.0,155.0,149.0,155.0,162.0,171.0,152,159
5728,DJI,72,Djibouti,2655,Wine,5142,Food,1000 tonnes,11.83,42.59,1.0,1.0,1.0,1.0,1.0,1.0,1.0,1.0,1.0,1.0,1.0,1.0,1.0,1.0,1.0,1.0,1.0,1.0,1.0,1.0,1.0,1.0,1.0,1.0,1.0,0.0,1.0,1.0,1.0,1.0,1.0,0.0,1.0,1.0,0.0,0.0,0.0,0.0,0.0,0.0,0.0,0.0,0.0,0.0,0.0,0.0,0.0,0.0,0.0,0.0,0.0,1,1
5838,DMA,55,Dominica,2655,Wine,5142,Food,1000 tonnes,15.41,-61.37,0.0,0.0,0.0,0.0,0.0,0.0,0.0,0.0,0.0,0.0,0.0,0.0,0.0,0.0,0.0,0.0,0.0,0.0,0.0,0.0,0.0,0.0,0.0,0.0,0.0,0.0,0.0,0.0,0.0,0.0,0.0,0.0,0.0,0.0,0.0,0.0,0.0,0.0,0.0,0.0,0.0,0.0,0.0,0.0,0.0,0.0,0.0,0.0,0.0,0.0,0.0,0,0
5950,DOM,56,Dominican Republic,2655,Wine,5142,Food,1000 tonnes,18.74,-70.16,0.0,0.0,0.0,0.0,0.0,0.0,0.0,0.0,0.0,0.0,0.0,0.0,0.0,1.0,1.0,1.0,1.0,1.0,1.0,1.0,1.0,1.0,0.0,0.0,1.0,2.0,1.0,1.0,1.0,1.0,1.0,2.0,2.0,2.0,3.0,4.0,4.0,5.0,5.0,10.0,10.0,5.0,5.0,6.0,7.0,7.0,9.0,8.0,8.0,9.0,10.0,11,12
6076,ECU,58,Ecuador,2655,Wine,5142,Food,1000 tonnes,-1.83,-78.18,0.0,0.0,0.0,0.0,0.0,0.0,0.0,0.0,0.0,0.0,0.0,0.0,1.0,1.0,1.0,1.0,1.0,1.0,2.0,2.0,2.0,2.0,1.0,1.0,0.0,1.0,2.0,2.0,1.0,1.0,3.0,4.0,8.0,18.0,8.0,8.0,4.0,3.0,2.0,2.0,3.0,4.0,4.0,5.0,5.0,5.0,7.0,6.0,5.0,6.0,5.0,6,5
6211,EGY,59,Egypt,2655,Wine,5142,Food,1000 tonnes,26.82,30.8,2.0,2.0,1.0,1.0,1.0,2.0,2.0,2.0,2.0,1.0,1.0,0.0,0.0,0.0,0.0,1.0,1.0,1.0,1.0,2.0,2.0,2.0,2.0,2.0,2.0,2.0,2.0,2.0,2.0,2.0,2.0,2.0,2.0,2.0,3.0,3.0,3.0,3.0,3.0,3.0,4.0,4.0,6.0,7.0,7.0,7.0,11.0,14.0,12.0,5.0,4.0,5,5
6343,SLV,60,El Salvador,2655,Wine,5142,Food,1000 tonnes,13.79,-88.9,0.0,0.0,0.0,0.0,0.0,0.0,0.0,0.0,0.0,0.0,0.0,0.0,0.0,0.0,0.0,0.0,0.0,1.0,1.0,0.0,0.0,0.0,0.0,1.0,0.0,0.0,1.0,0.0,1.0,0.0,1.0,1.0,1.0,1.0,1.0,1.0,1.0,1.0,1.0,1.0,1.0,1.0,1.0,2.0,2.0,2.0,2.0,2.0,2.0,2.0,2.0,2,2
6476,EST,63,Estonia,2655,Wine,5142,Food,1000 tonnes,58.6,25.01,0.0,0.0,0.0,0.0,0.0,0.0,0.0,0.0,0.0,0.0,0.0,0.0,0.0,0.0,0.0,0.0,0.0,0.0,0.0,0.0,0.0,0.0,0.0,0.0,0.0,0.0,0.0,0.0,0.0,0.0,0.0,1.0,2.0,2.0,5.0,6.0,8.0,8.0,7.0,8.0,7.0,8.0,9.0,11.0,12.0,10.0,11.0,14.0,13.0,15.0,17.0,18,20
6600,ETH,238,Ethiopia,2655,Wine,5142,Food,1000 tonnes,9.15,40.49,0.0,0.0,0.0,0.0,0.0,0.0,0.0,0.0,0.0,0.0,0.0,0.0,0.0,0.0,0.0,0.0,0.0,0.0,0.0,0.0,0.0,0.0,0.0,0.0,0.0,0.0,0.0,0.0,0.0,0.0,0.0,0.0,1.0,1.0,1.0,1.0,1.0,2.0,2.0,2.0,2.0,3.0,3.0,3.0,4.0,3.0,4.0,2.0,2.0,2.0,2.0,2,2
6720,FJI,66,Fiji,2655,Wine,5142,Food,1000 tonnes,-16.58,179.41,0.0,0.0,0.0,0.0,0.0,0.0,0.0,0.0,0.0,0.0,0.0,0.0,0.0,0.0,0.0,0.0,0.0,0.0,0.0,0.0,0.0,0.0,0.0,0.0,0.0,0.0,0.0,1.0,0.0,0.0,0.0,0.0,0.0,0.0,0.0,1.0,1.0,1.0,1.0,0.0,1.0,1.0,1.0,1.0,1.0,1.0,1.0,3.0,1.0,1.0,1.0,1,1
6848,FIN,67,Finland,2655,Wine,5142,Food,1000 tonnes,61.92,25.75,4.0,4.0,5.0,6.0,6.0,7.0,8.0,9.0,8.0,10.0,10.0,12.0,14.0,16.0,15.0,13.0,12.0,12.0,11.0,12.0,10.0,10.0,13.0,13.0,11.0,15.0,15.0,16.0,18.0,22.0,26.0,27.0,28.0,28.0,29.0,27.0,31.0,35.0,35.0,41.0,43.0,46.0,50.0,51.0,55.0,56.0,63.0,63.0,64.0,65.0,66.0,65,64
6988,FRA,68,France,2655,Wine,5142,Food,1000 tonnes,46.23,2.21,5529.0,5595.0,5509.0,5579.0,5551.0,5510.0,5422.0,5524.0,5357.0,5385.0,5405.0,5534.0,5404.0,5499.0,5525.0,5348.0,5111.0,4928.0,5349.0,5160.0,4940.0,4865.0,4710.0,4583.0,4375.0,4242.0,4179.0,4101.0,4048.0,3801.0,3690.0,3736.0,3668.0,3617.0,3417.0,3511.0,3365.0,3415.0,3287.0,3017.0,3015.0,3030.0,3039.0,3257.0,3303.0,3234.0,3270.0,2403.0,2937.0,2494.0,3044.0,2343,2429
7115,PYF,70,French Polynesia,2655,Wine,5142,Food,1000 tonnes,-17.68,-149.41,1.0,1.0,2.0,2.0,3.0,4.0,4.0,6.0,3.0,4.0,4.0,3.0,4.0,4.0,3.0,4.0,3.0,4.0,4.0,4.0,4.0,4.0,4.0,4.0,4.0,4.0,4.0,3.0,4.0,4.0,4.0,4.0,4.0,4.0,3.0,3.0,3.0,2.0,3.0,3.0,4.0,5.0,4.0,4.0,5.0,4.0,4.0,4.0,4.0,3.0,3.0,3,3
7236,GAB,74,Gabon,2655,Wine,5142,Food,1000 tonnes,-0.8,11.61,8.0,10.0,8.0,9.0,10.0,10.0,11.0,11.0,10.0,9.0,9.0,9.0,8.0,9.0,14.0,25.0,21.0,16.0,14.0,15.0,15.0,19.0,20.0,22.0,20.0,19.0,14.0,14.0,10.0,9.0,9.0,9.0,10.0,8.0,11.0,10.0,10.0,11.0,11.0,10.0,11.0,9.0,6.0,7.0,6.0,7.0,9.0,7.0,7.0,10.0,9.0,7,7
7350,GMB,75,Gambia,2655,Wine,5142,Food,1000 tonnes,13.44,-15.31,0.0,0.0,0.0,0.0,0.0,0.0,0.0,0.0,0.0,0.0,0.0,0.0,0.0,0.0,0.0,0.0,0.0,0.0,0.0,0.0,0.0,0.0,0.0,0.0,0.0,0.0,0.0,0.0,0.0,0.0,0.0,0.0,0.0,0.0,0.0,0.0,0.0,0.0,0.0,0.0,0.0,0.0,0.0,0.0,0.0,0.0,0.0,0.0,0.0,0.0,0.0,0,0
7472,GEO,73,Georgia,2655,Wine,5142,Food,1000 tonnes,42.32,43.36,0.0,0.0,0.0,0.0,0.0,0.0,0.0,0.0,0.0,0.0,0.0,0.0,0.0,0.0,0.0,0.0,0.0,0.0,0.0,0.0,0.0,0.0,0.0,0.0,0.0,0.0,0.0,0.0,0.0,0.0,0.0,177.0,161.0,158.0,77.0,76.0,67.0,58.0,57.0,53.0,38.0,34.0,31.0,13.0,22.0,65.0,93.0,90.0,88.0,83.0,87.0,63,64
7612,DEU,79,Germany,2655,Wine,5142,Food,1000 tonnes,51.17,10.45,601.0,697.0,954.0,1025.0,829.0,986.0,993.0,1046.0,1097.0,1525.0,1192.0,1492.0,1774.0,1317.0,1597.0,1632.0,1898.0,1484.0,1639.0,1304.0,1673.0,2456.0,1963.0,1648.0,1411.0,1851.0,1786.0,1803.0,2222.0,1702.0,1964.0,2115.0,1690.0,1825.0,1523.0,1725.0,1631.0,2046.0,2130.0,1725.0,1775.0,1922.0,1733.0,2007.0,1896.0,1878.0,2051.0,1968.0,1936.0,1677.0,2046.0,1985,1896
7745,GHA,81,Ghana,2655,Wine,5142,Food,1000 tonnes,7.95,-1.02,0.0,0.0,0.0,0.0,0.0,0.0,0.0,0.0,0.0,0.0,0.0,0.0,0.0,0.0,0.0,0.0,0.0,0.0,0.0,0.0,0.0,0.0,0.0,0.0,0.0,0.0,0.0,0.0,0.0,0.0,0.0,0.0,1.0,4.0,5.0,5.0,3.0,4.0,3.0,3.0,6.0,8.0,6.0,9.0,8.0,9.0,13.0,15.0,9.0,9.0,12.0,15,10
7877,GRC,84,Greece,2655,Wine,5142,Food,1000 tonnes,39.07,21.82,283.0,272.0,267.0,269.0,266.0,271.0,272.0,278.0,298.0,278.0,219.0,208.0,207.0,237.0,226.0,232.0,207.0,226.0,199.0,224.0,233.0,258.0,280.0,289.0,261.0,307.0,209.0,212.0,197.0,198.0,175.0,171.0,193.0,181.0,200.0,216.0,200.0,232.0,265.0,246.0,279.0,294.0,274.0,279.0,273.0,380.0,261.0,243.0,231.0,223.0,189.0,196,208
8004,GRD,86,Grenada,2655,Wine,5142,Food,1000 tonnes,12.26,-61.6,0.0,0.0,0.0,0.0,0.0,0.0,0.0,0.0,0.0,0.0,0.0,0.0,0.0,0.0,0.0,0.0,0.0,0.0,0.0,0.0,0.0,0.0,0.0,0.0,0.0,0.0,0.0,0.0,0.0,0.0,0.0,0.0,0.0,0.0,0.0,0.0,0.0,0.0,0.0,0.0,0.0,0.0,0.0,0.0,0.0,0.0,0.0,0.0,0.0,0.0,0.0,0,0
8136,GTM,89,Guatemala,2655,Wine,5142,Food,1000 tonnes,15.78,-90.23,0.0,0.0,0.0,0.0,0.0,0.0,0.0,0.0,0.0,0.0,0.0,0.0,0.0,0.0,0.0,0.0,0.0,0.0,0.0,0.0,0.0,0.0,0.0,1.0,0.0,1.0,0.0,0.0,1.0,0.0,1.0,1.0,1.0,2.0,2.0,1.0,2.0,2.0,2.0,2.0,2.0,2.0,2.0,2.0,2.0,2.0,3.0,2.0,3.0,3.0,3.0,3,4
8254,GIN,90,Guinea,2655,Wine,5142,Food,1000 tonnes,9.95,-9.7,1.0,1.0,0.0,0.0,0.0,0.0,0.0,0.0,0.0,0.0,0.0,0.0,0.0,0.0,0.0,0.0,0.0,0.0,0.0,0.0,0.0,0.0,0.0,0.0,0.0,0.0,1.0,0.0,1.0,1.0,0.0,1.0,1.0,1.0,0.0,0.0,0.0,0.0,0.0,0.0,1.0,1.0,1.0,1.0,1.0,1.0,1.0,0.0,0.0,2.0,1.0,1,1
8350,GNB,175,Guinea-Bissau,2655,Wine,5142,Food,1000 tonnes,11.8,-15.18,2.0,2.0,3.0,4.0,4.0,4.0,3.0,4.0,3.0,3.0,3.0,3.0,4.0,3.0,3.0,2.0,2.0,0.0,1.0,0.0,1.0,1.0,1.0,0.0,1.0,0.0,0.0,1.0,2.0,2.0,2.0,3.0,4.0,3.0,2.0,3.0,3.0,1.0,2.0,4.0,3.0,4.0,4.0,4.0,4.0,3.0,4.0,4.0,4.0,5.0,7.0,7,6
8465,GUY,91,Guyana,2655,Wine,5142,Food,1000 tonnes,4.86,-58.93,0.0,0.0,0.0,0.0,0.0,0.0,0.0,0.0,0.0,0.0,0.0,0.0,0.0,0.0,0.0,0.0,0.0,0.0,0.0,0.0,0.0,0.0,0.0,0.0,0.0,0.0,0.0,0.0,0.0,0.0,0.0,0.0,0.0,0.0,0.0,0.0,0.0,0.0,0.0,0.0,0.0,0.0,0.0,0.0,0.0,0.0,0.0,0.0,0.0,0.0,0.0,0,0
8574,HTI,93,Haiti,2655,Wine,5142,Food,1000 tonnes,18.97,-72.29,0.0,0.0,0.0,0.0,0.0,0.0,0.0,0.0,0.0,0.0,0.0,0.0,0.0,0.0,0.0,0.0,0.0,0.0,0.0,0.0,0.0,0.0,0.0,0.0,1.0,0.0,1.0,0.0,0.0,0.0,0.0,0.0,0.0,0.0,0.0,0.0,0.0,1.0,0.0,0.0,1.0,1.0,0.0,0.0,1.0,1.0,1.0,0.0,1.0,1.0,1.0,1,1
8704,HND,95,Honduras,2655,Wine,5142,Food,1000 tonnes,15.2,-86.24,0.0,0.0,0.0,0.0,0.0,0.0,0.0,0.0,0.0,0.0,0.0,0.0,0.0,0.0,0.0,0.0,0.0,0.0,0.0,0.0,0.0,0.0,0.0,0.0,0.0,0.0,0.0,0.0,0.0,0.0,0.0,0.0,0.0,0.0,1.0,1.0,1.0,1.0,1.0,1.0,1.0,1.0,1.0,1.0,1.0,2.0,2.0,2.0,2.0,1.0,1.0,2,2
8846,HUN,97,Hungary,2655,Wine,5142,Food,1000 tonnes,47.16,19.5,270.0,290.0,296.0,315.0,332.0,310.0,350.0,357.0,397.0,390.0,399.0,399.0,402.0,363.0,361.0,374.0,362.0,361.0,364.0,373.0,319.0,340.0,317.0,327.0,263.0,245.0,228.0,217.0,237.0,287.0,299.0,307.0,324.0,299.0,272.0,308.0,323.0,334.0,303.0,289.0,344.0,347.0,327.0,331.0,335.0,337.0,287.0,242.0,237.0,235.0,262.0,239,239
8972,ISL,99,Iceland,2655,Wine,5142,Food,1000 tonnes,64.96,-19.02,0.0,0.0,0.0,0.0,0.0,0.0,0.0,0.0,0.0,0.0,1.0,1.0,1.0,1.0,1.0,2.0,2.0,2.0,2.0,2.0,2.0,2.0,2.0,2.0,2.0,2.0,2.0,2.0,2.0,1.0,1.0,1.0,1.0,1.0,2.0,2.0,2.0,2.0,2.0,2.0,2.0,3.0,3.0,3.0,3.0,4.0,4.0,4.0,4.0,4.0,4.0,4,4
9107,IND,100,India,2655,Wine,5142,Food,1000 tonnes,20.59,78.96,0.0,0.0,0.0,0.0,0.0,0.0,0.0,0.0,0.0,0.0,0.0,0.0,0.0,0.0,0.0,0.0,0.0,0.0,0.0,0.0,0.0,0.0,0.0,0.0,0.0,0.0,0.0,0.0,0.0,0.0,0.0,0.0,0.0,0.0,0.0,0.0,0.0,0.0,0.0,0.0,0.0,0.0,0.0,1.0,1.0,1.0,2.0,1.0,0.0,1.0,3.0,3,2
9235,IDN,101,Indonesia,2655,Wine,5142,Food,1000 tonnes,-0.79,113.92,0.0,0.0,0.0,0.0,0.0,0.0,0.0,0.0,0.0,0.0,1.0,1.0,1.0,1.0,1.0,2.0,1.0,2.0,1.0,1.0,1.0,1.0,0.0,0.0,0.0,0.0,0.0,0.0,1.0,1.0,0.0,0.0,1.0,0.0,0.0,1.0,0.0,0.0,0.0,0.0,0.0,1.0,1.0,0.0,0.0,0.0,0.0,0.0,0.0,0.0,0.0,0,0
9355,IRN,102,Iran (Islamic Republic of),2655,Wine,5142,Food,1000 tonnes,32.43,53.69,0.0,0.0,0.0,0.0,0.0,0.0,0.0,0.0,0.0,0.0,0.0,0.0,0.0,0.0,0.0,0.0,0.0,0.0,0.0,0.0,0.0,0.0,0.0,0.0,0.0,0.0,0.0,0.0,0.0,0.0,0.0,0.0,0.0,0.0,0.0,0.0,0.0,0.0,0.0,0.0,0.0,0.0,0.0,0.0,0.0,0.0,0.0,0.0,0.0,0.0,0.0,0,0
9475,IRQ,103,Iraq,2655,Wine,5142,Food,1000 tonnes,33.22,43.68,0.0,0.0,0.0,0.0,0.0,0.0,0.0,0.0,0.0,0.0,0.0,0.0,0.0,0.0,0.0,0.0,0.0,0.0,0.0,0.0,0.0,1.0,0.0,1.0,1.0,1.0,1.0,1.0,1.0,0.0,0.0,0.0,0.0,0.0,0.0,0.0,0.0,0.0,0.0,0.0,0.0,0.0,0.0,0.0,0.0,0.0,0.0,1.0,0.0,0.0,1.0,1,1
9608,IRL,104,Ireland,2655,Wine,5142,Food,1000 tonnes,53.41,-8.24,3.0,3.0,4.0,4.0,4.0,4.0,5.0,5.0,5.0,5.0,5.0,6.0,7.0,7.0,7.0,8.0,9.0,10.0,11.0,11.0,11.0,11.0,11.0,12.0,12.0,13.0,11.0,10.0,14.0,15.0,15.0,13.0,15.0,18.0,16.0,26.0,29.0,29.0,41.0,44.0,48.0,50.0,55.0,65.0,53.0,57.0,72.0,49.0,62.0,67.0,70.0,72,76
9744,ISR,105,Israel,2655,Wine,5142,Food,1000 tonnes,31.05,34.85,10.0,10.0,12.0,12.0,13.0,11.0,11.0,11.0,11.0,11.0,11.0,12.0,12.0,12.0,12.0,13.0,14.0,13.0,14.0,15.0,14.0,14.0,16.0,15.0,16.0,16.0,15.0,13.0,13.0,11.0,11.0,11.0,12.0,10.0,10.0,6.0,8.0,8.0,8.0,9.0,7.0,8.0,6.0,7.0,6.0,6.0,5.0,7.0,6.0,6.0,8.0,9,7
9886,ITA,106,Italy,2655,Wine,5142,Food,1000 tonnes,41.87,12.57,5465.0,5505.0,5510.0,5356.0,5725.0,5786.0,5767.0,6144.0,6126.0,6103.0,6086.0,6035.0,6000.0,6050.0,5800.0,5504.0,5279.0,5256.0,5203.0,5110.0,4869.0,4638.0,4680.0,4589.0,4251.0,3910.0,3709.0,3613.0,3543.0,3488.0,3527.0,3274.0,3299.0,3304.0,3299.0,3294.0,3226.0,3001.0,3000.0,3055.0,3100.0,2771.0,2850.0,2801.0,2650.0,2411.0,2376.0,2084.0,1924.0,1902.0,1902.0,1894,1863
10015,JAM,109,Jamaica,2655,Wine,5142,Food,1000 tonnes,18.11,-77.3,0.0,0.0,0.0,0.0,0.0,0.0,0.0,0.0,0.0,1.0,1.0,1.0,1.0,0.0,0.0,0.0,0.0,0.0,0.0,0.0,0.0,0.0,0.0,0.0,0.0,0.0,0.0,0.0,1.0,0.0,0.0,0.0,0.0,1.0,1.0,1.0,1.0,1.0,1.0,1.0,1.0,1.0,1.0,1.0,3.0,2.0,2.0,2.0,2.0,2.0,2.0,2,2
10154,JPN,110,Japan,2655,Wine,5142,Food,1000 tonnes,36.2,138.25,11.0,14.0,14.0,7.0,11.0,11.0,20.0,23.0,18.0,17.0,17.0,21.0,38.0,62.0,42.0,53.0,63.0,78.0,74.0,79.0,77.0,98.0,107.0,95.0,98.0,79.0,106.0,138.0,140.0,146.0,134.0,120.0,117.0,144.0,175.0,177.0,240.0,440.0,292.0,266.0,281.0,280.0,256.0,261.0,255.0,258.0,231.0,240.0,256.0,271.0,290.0,340,346
10285,JOR,112,Jordan,2655,Wine,5142,Food,1000 tonnes,30.59,36.24,0.0,0.0,0.0,0.0,0.0,0.0,0.0,0.0,0.0,0.0,0.0,0.0,0.0,0.0,0.0,0.0,0.0,0.0,0.0,0.0,0.0,0.0,0.0,0.0,0.0,0.0,0.0,0.0,0.0,0.0,0.0,0.0,0.0,0.0,0.0,0.0,0.0,0.0,0.0,0.0,0.0,1.0,1.0,1.0,1.0,2.0,3.0,1.0,1.0,1.0,1.0,1,0
10418,KAZ,108,Kazakhstan,2655,Wine,5142,Food,1000 tonnes,48.02,66.92,0.0,0.0,0.0,0.0,0.0,0.0,0.0,0.0,0.0,0.0,0.0,0.0,0.0,0.0,0.0,0.0,0.0,0.0,0.0,0.0,0.0,0.0,0.0,0.0,0.0,0.0,0.0,0.0,0.0,0.0,0.0,46.0,29.0,35.0,15.0,17.0,26.0,33.0,26.0,32.0,16.0,27.0,25.0,25.0,31.0,27.0,28.0,23.0,31.0,33.0,33.0,39,44
10552,KEN,114,Kenya,2655,Wine,5142,Food,1000 tonnes,-0.02,37.91,1.0,1.0,1.0,1.0,1.0,2.0,0.0,1.0,1.0,0.0,1.0,1.0,1.0,1.0,1.0,1.0,1.0,1.0,2.0,1.0,1.0,1.0,1.0,1.0,1.0,1.0,0.0,0.0,1.0,0.0,0.0,0.0,0.0,0.0,2.0,2.0,2.0,2.0,2.0,2.0,3.0,3.0,3.0,4.0,3.0,4.0,3.0,3.0,3.0,4.0,6.0,6,6
10654,KIR,83,Kiribati,2655,Wine,5142,Food,1000 tonnes,-3.37,-168.73,0.0,0.0,0.0,0.0,0.0,0.0,0.0,0.0,0.0,0.0,0.0,0.0,0.0,0.0,0.0,0.0,0.0,0.0,0.0,0.0,0.0,0.0,0.0,0.0,0.0,0.0,0.0,0.0,0.0,0.0,0.0,0.0,0.0,0.0,0.0,0.0,0.0,0.0,0.0,0.0,0.0,0.0,0.0,0.0,0.0,0.0,0.0,0.0,0.0,0.0,0.0,0,0
10891,KGZ,113,Kyrgyzstan,2655,Wine,5142,Food,1000 tonnes,41.2,74.77,0.0,0.0,0.0,0.0,0.0,0.0,0.0,0.0,0.0,0.0,0.0,0.0,0.0,0.0,0.0,0.0,0.0,0.0,0.0,0.0,0.0,0.0,0.0,0.0,0.0,0.0,0.0,0.0,0.0,0.0,0.0,9.0,6.0,7.0,3.0,7.0,7.0,5.0,2.0,2.0,2.0,2.0,3.0,3.0,2.0,2.0,3.0,2.0,3.0,3.0,3.0,3,3
10997,LAO,120,Lao People's Democratic Republic,2655,Wine,5142,Food,1000 tonnes,19.86,102.5,0.0,0.0,0.0,0.0,0.0,0.0,0.0,0.0,0.0,0.0,0.0,0.0,0.0,0.0,0.0,0.0,0.0,0.0,0.0,0.0,0.0,0.0,0.0,0.0,0.0,0.0,0.0,0.0,0.0,0.0,0.0,0.0,0.0,0.0,0.0,0.0,0.0,0.0,0.0,1.0,1.0,1.0,1.0,1.0,1.0,1.0,1.0,1.0,1.0,1.0,2.0,2,2
11127,LVA,119,Latvia,2655,Wine,5142,Food,1000 tonnes,56.88,24.6,0.0,0.0,0.0,0.0,0.0,0.0,0.0,0.0,0.0,0.0,0.0,0.0,0.0,0.0,0.0,0.0,0.0,0.0,0.0,0.0,0.0,0.0,0.0,0.0,0.0,0.0,0.0,0.0,0.0,0.0,0.0,6.0,3.0,3.0,11.0,12.0,9.0,7.0,18.0,16.0,13.0,17.0,19.0,8.0,11.0,20.0,12.0,12.0,13.0,4.0,10.0,4,7
11260,LBN,121,Lebanon,2655,Wine,5142,Food,1000 tonnes,33.85,35.86,4.0,4.0,4.0,4.0,4.0,4.0,4.0,4.0,4.0,4.0,4.0,4.0,5.0,5.0,5.0,5.0,5.0,4.0,5.0,5.0,6.0,6.0,6.0,7.0,8.0,7.0,8.0,10.0,10.0,13.0,18.0,21.0,23.0,26.0,27.0,14.0,22.0,16.0,16.0,15.0,15.0,14.0,13.0,13.0,13.0,13.0,9.0,13.0,11.0,12.0,13.0,13,13
11346,LSO,122,Lesotho,2655,Wine,5142,Food,1000 tonnes,-29.61,28.23,0.0,0.0,0.0,0.0,0.0,0.0,0.0,0.0,0.0,0.0,0.0,0.0,0.0,0.0,0.0,0.0,0.0,0.0,0.0,0.0,0.0,0.0,0.0,1.0,0.0,0.0,0.0,0.0,0.0,0.0,0.0,0.0,0.0,0.0,0.0,0.0,0.0,0.0,0.0,0.0,0.0,0.0,0.0,0.0,0.0,0.0,0.0,0.0,0.0,0.0,0.0,0,1
11439,LBR,123,Liberia,2655,Wine,5142,Food,1000 tonnes,6.43,-9.43,0.0,0.0,0.0,0.0,0.0,0.0,0.0,0.0,0.0,0.0,1.0,0.0,0.0,1.0,0.0,0.0,0.0,0.0,0.0,0.0,0.0,0.0,0.0,0.0,0.0,0.0,0.0,0.0,0.0,0.0,0.0,0.0,0.0,0.0,0.0,0.0,0.0,0.0,0.0,0.0,0.0,0.0,0.0,0.0,0.0,0.0,0.0,0.0,0.0,0.0,0.0,0,0
11566,LTU,126,Lithuania,2655,Wine,5142,Food,1000 tonnes,55.17,23.88,0.0,0.0,0.0,0.0,0.0,0.0,0.0,0.0,0.0,0.0,0.0,0.0,0.0,0.0,0.0,0.0,0.0,0.0,0.0,0.0,0.0,0.0,0.0,0.0,0.0,0.0,0.0,0.0,0.0,0.0,0.0,6.0,9.0,6.0,13.0,29.0,20.0,22.0,26.0,20.0,20.0,25.0,26.0,21.0,22.0,10.0,8.0,17.0,25.0,34.0,38.0,37,40
11699,LUX,256,Luxembourg,2655,Wine,5142,Food,1000 tonnes,49.82,6.13,0.0,0.0,0.0,0.0,0.0,0.0,0.0,0.0,0.0,0.0,0.0,0.0,0.0,0.0,0.0,0.0,0.0,0.0,0.0,0.0,0.0,0.0,0.0,0.0,0.0,0.0,0.0,0.0,0.0,0.0,0.0,0.0,0.0,0.0,0.0,0.0,0.0,0.0,0.0,28.0,27.0,30.0,27.0,27.0,27.0,27.0,28.0,26.0,27.0,27.0,26.0,27,27
11825,MDG,129,Madagascar,2655,Wine,5142,Food,1000 tonnes,-18.77,46.87,21.0,20.0,18.0,17.0,16.0,14.0,14.0,18.0,15.0,14.0,15.0,11.0,13.0,6.0,11.0,9.0,11.0,11.0,7.0,7.0,6.0,6.0,7.0,8.0,8.0,8.0,8.0,8.0,9.0,6.0,6.0,6.0,6.0,6.0,6.0,6.0,6.0,6.0,7.0,6.0,7.0,7.0,7.0,7.0,7.0,7.0,8.0,8.0,9.0,9.0,10.0,9,9
11950,MWI,130,Malawi,2655,Wine,5142,Food,1000 tonnes,-13.25,34.3,0.0,0.0,0.0,0.0,0.0,0.0,0.0,0.0,0.0,0.0,0.0,0.0,0.0,0.0,0.0,0.0,0.0,0.0,0.0,0.0,0.0,0.0,0.0,0.0,0.0,0.0,0.0,0.0,0.0,0.0,0.0,0.0,0.0,0.0,0.0,0.0,0.0,0.0,0.0,0.0,0.0,1.0,1.0,0.0,0.0,0.0,0.0,0.0,0.0,0.0,0.0,0,0
12075,MYS,131,Malaysia,2655,Wine,5142,Food,1000 tonnes,4.21,101.98,0.0,0.0,0.0,0.0,0.0,0.0,0.0,0.0,0.0,0.0,0.0,0.0,1.0,1.0,0.0,0.0,1.0,1.0,1.0,1.0,1.0,1.0,1.0,1.0,2.0,1.0,1.0,1.0,1.0,1.0,1.0,1.0,1.0,1.0,1.0,1.0,1.0,1.0,2.0,2.0,2.0,3.0,5.0,10.0,4.0,4.0,4.0,4.0,4.0,5.0,3.0,3,4
12193,MDV,132,Maldives,2655,Wine,5142,Food,1000 tonnes,3.2,73.22,0.0,0.0,0.0,0.0,0.0,0.0,0.0,0.0,0.0,0.0,0.0,0.0,0.0,0.0,0.0,0.0,0.0,0.0,0.0,0.0,0.0,0.0,0.0,0.0,0.0,0.0,0.0,0.0,0.0,0.0,0.0,0.0,0.0,0.0,0.0,0.0,0.0,0.0,0.0,0.0,0.0,0.0,0.0,0.0,0.0,0.0,1.0,1.0,1.0,1.0,1.0,0,1
12306,MLI,133,Mali,2655,Wine,5142,Food,1000 tonnes,17.57,-4.0,1.0,0.0,0.0,0.0,0.0,0.0,0.0,0.0,0.0,0.0,0.0,0.0,0.0,0.0,0.0,0.0,0.0,0.0,0.0,0.0,0.0,0.0,0.0,0.0,0.0,0.0,0.0,0.0,0.0,1.0,1.0,0.0,1.0,0.0,0.0,0.0,0.0,0.0,0.0,0.0,0.0,0.0,0.0,0.0,0.0,0.0,0.0,0.0,0.0,1.0,1.0,0,0
12425,MLT,134,Malta,2655,Wine,5142,Food,1000 tonnes,35.94,14.38,0.0,0.0,0.0,0.0,0.0,0.0,0.0,0.0,0.0,1.0,0.0,0.0,0.0,1.0,0.0,2.0,1.0,1.0,1.0,1.0,1.0,1.0,2.0,2.0,2.0,3.0,2.0,3.0,3.0,2.0,2.0,3.0,3.0,4.0,3.0,3.0,3.0,2.0,4.0,3.0,3.0,3.0,3.0,5.0,6.0,8.0,6.0,6.0,6.0,6.0,7.0,7,7
12551,MRT,136,Mauritania,2655,Wine,5142,Food,1000 tonnes,21.01,-10.94,0.0,0.0,0.0,0.0,0.0,0.0,0.0,0.0,0.0,0.0,0.0,0.0,0.0,0.0,0.0,0.0,0.0,0.0,0.0,0.0,0.0,0.0,0.0,0.0,0.0,0.0,0.0,0.0,0.0,0.0,0.0,0.0,0.0,0.0,0.0,0.0,0.0,0.0,0.0,0.0,0.0,0.0,0.0,0.0,0.0,0.0,0.0,0.0,0.0,0.0,0.0,0,0
12666,MUS,137,Mauritius,2655,Wine,5142,Food,1000 tonnes,-20.35,57.55,0.0,0.0,1.0,0.0,0.0,0.0,0.0,0.0,0.0,0.0,0.0,0.0,0.0,1.0,0.0,1.0,0.0,0.0,0.0,0.0,0.0,0.0,0.0,0.0,0.0,1.0,1.0,1.0,1.0,1.0,1.0,2.0,1.0,1.0,1.0,1.0,2.0,2.0,3.0,2.0,1.0,1.0,2.0,2.0,2.0,2.0,2.0,2.0,2.0,2.0,2.0,1,2
12795,MEX,138,Mexico,2655,Wine,5142,Food,1000 tonnes,23.63,-102.55,5.0,5.0,8.0,8.0,5.0,6.0,8.0,8.0,8.0,13.0,12.0,14.0,13.0,14.0,14.0,11.0,12.0,15.0,15.0,15.0,15.0,15.0,15.0,15.0,15.0,15.0,15.0,15.0,15.0,15.0,18.0,17.0,17.0,18.0,15.0,15.0,15.0,15.0,15.0,15.0,15.0,15.0,16.0,15.0,15.0,16.0,16.0,16.0,13.0,12.0,13.0,13,11
12915,MNG,141,Mongolia,2655,Wine,5142,Food,1000 tonnes,46.86,103.85,0.0,0.0,0.0,0.0,0.0,0.0,0.0,0.0,0.0,0.0,0.0,0.0,0.0,0.0,0.0,0.0,0.0,0.0,0.0,0.0,0.0,0.0,0.0,0.0,0.0,0.0,0.0,0.0,0.0,0.0,0.0,0.0,0.0,0.0,0.0,0.0,1.0,1.0,0.0,1.0,1.0,1.0,2.0,2.0,2.0,2.0,2.0,2.0,1.0,2.0,3.0,3,2
13031,MNE,273,Montenegro,2655,Wine,5142,Food,1000 tonnes,42.71,19.37,0.0,0.0,0.0,0.0,0.0,0.0,0.0,0.0,0.0,0.0,0.0,0.0,0.0,0.0,0.0,0.0,0.0,0.0,0.0,0.0,0.0,0.0,0.0,0.0,0.0,0.0,0.0,0.0,0.0,0.0,0.0,0.0,0.0,0.0,0.0,0.0,0.0,0.0,0.0,0.0,0.0,0.0,0.0,0.0,0.0,11.0,8.0,12.0,12.0,13.0,7.0,14,13
13156,MAR,143,Morocco,2655,Wine,5142,Food,1000 tonnes,31.79,-7.09,13.0,10.0,21.0,20.0,21.0,20.0,18.0,18.0,24.0,21.0,23.0,23.0,25.0,30.0,23.0,25.0,25.0,26.0,26.0,25.0,28.0,25.0,18.0,18.0,21.0,31.0,30.0,21.0,37.0,27.0,23.0,28.0,30.0,23.0,18.0,33.0,29.0,27.0,42.0,18.0,16.0,16.0,28.0,25.0,31.0,25.0,25.0,25.0,21.0,24.0,33.0,35,32
13275,MOZ,144,Mozambique,2655,Wine,5142,Food,1000 tonnes,-18.67,35.53,36.0,31.0,35.0,42.0,47.0,51.0,45.0,43.0,36.0,30.0,18.0,21.0,14.0,10.0,7.0,1.0,2.0,3.0,0.0,3.0,3.0,1.0,4.0,1.0,1.0,2.0,2.0,2.0,2.0,1.0,5.0,11.0,7.0,8.0,6.0,6.0,6.0,7.0,3.0,6.0,6.0,12.0,5.0,7.0,8.0,8.0,9.0,10.0,9.0,10.0,11.0,5,10
13388,MMR,28,Myanmar,2655,Wine,5142,Food,1000 tonnes,21.91,95.96,0.0,0.0,0.0,0.0,0.0,0.0,0.0,0.0,0.0,0.0,0.0,0.0,0.0,0.0,0.0,0.0,0.0,0.0,0.0,0.0,0.0,0.0,0.0,0.0,0.0,0.0,0.0,0.0,0.0,0.0,0.0,0.0,0.0,0.0,0.0,0.0,0.0,0.0,0.0,0.0,0.0,0.0,0.0,0.0,0.0,1.0,1.0,1.0,2.0,2.0,3.0,4,4
13507,NAM,147,Namibia,2655,Wine,5142,Food,1000 tonnes,-22.96,18.49,0.0,0.0,0.0,0.0,0.0,0.0,0.0,0.0,0.0,0.0,0.0,0.0,0.0,0.0,0.0,0.0,0.0,0.0,0.0,0.0,0.0,0.0,0.0,0.0,0.0,0.0,0.0,0.0,0.0,0.0,0.0,0.0,0.0,0.0,0.0,0.0,9.0,8.0,4.0,8.0,5.0,3.0,7.0,1.0,1.0,2.0,3.0,0.0,0.0,0.0,1.0,7,10
13631,NPL,149,Nepal,2655,Wine,5142,Food,1000 tonnes,28.39,84.12,0.0,0.0,0.0,0.0,0.0,0.0,0.0,0.0,0.0,0.0,0.0,0.0,0.0,0.0,0.0,0.0,0.0,0.0,0.0,0.0,0.0,0.0,0.0,0.0,0.0,0.0,0.0,0.0,0.0,0.0,0.0,0.0,0.0,0.0,0.0,0.0,0.0,0.0,0.0,0.0,0.0,0.0,1.0,0.0,0.0,0.0,1.0,0.0,1.0,1.0,1.0,1,1
13759,NLD,150,Netherlands,2655,Wine,5142,Food,1000 tonnes,52.13,5.29,27.0,28.0,30.0,34.0,40.0,43.0,42.0,41.0,58.0,66.0,71.0,98.0,113.0,137.0,141.0,152.0,161.0,170.0,168.0,182.0,185.0,202.0,199.0,220.0,218.0,218.0,217.0,219.0,222.0,217.0,234.0,249.0,190.0,221.0,184.0,203.0,169.0,176.0,255.0,190.0,236.0,251.0,297.0,302.0,337.0,288.0,311.0,337.0,349.0,347.0,357.0,349,345
13897,NCL,153,New Caledonia,2655,Wine,5142,Food,1000 tonnes,-20.9,165.62,3.0,3.0,3.0,3.0,3.0,3.0,3.0,3.0,3.0,3.0,4.0,3.0,4.0,3.0,4.0,3.0,4.0,4.0,4.0,3.0,4.0,3.0,4.0,2.0,2.0,3.0,3.0,3.0,3.0,2.0,3.0,3.0,4.0,3.0,3.0,4.0,4.0,4.0,3.0,3.0,4.0,5.0,4.0,5.0,5.0,5.0,5.0,5.0,5.0,5.0,5.0,5,5
14026,NZL,156,New Zealand,2655,Wine,5142,Food,1000 tonnes,-40.9,174.89,5.0,6.0,7.0,8.0,9.0,10.0,11.0,15.0,18.0,16.0,20.0,22.0,26.0,28.0,26.0,30.0,29.0,36.0,35.0,41.0,46.0,38.0,38.0,42.0,43.0,50.0,45.0,43.0,39.0,39.0,41.0,44.0,38.0,29.0,31.0,36.0,39.0,38.0,38.0,41.0,36.0,33.0,35.0,36.0,35.0,35.0,35.0,35.0,35.0,30.0,35.0,35,34
14157,NIC,157,Nicaragua,2655,Wine,5142,Food,1000 tonnes,12.87,-85.21,0.0,0.0,0.0,0.0,0.0,0.0,0.0,0.0,0.0,0.0,0.0,0.0,0.0,0.0,0.0,0.0,1.0,0.0,0.0,0.0,0.0,0.0,0.0,0.0,0.0,0.0,0.0,0.0,0.0,0.0,0.0,0.0,0.0,0.0,0.0,0.0,1.0,1.0,1.0,1.0,1.0,1.0,1.0,1.0,1.0,1.0,1.0,1.0,1.0,1.0,1.0,1,1
14281,NER,158,Niger,2655,Wine,5142,Food,1000 tonnes,17.61,8.08,1.0,2.0,1.0,1.0,1.0,1.0,1.0,1.0,1.0,1.0,1.0,1.0,1.0,1.0,0.0,0.0,1.0,1.0,1.0,1.0,1.0,1.0,1.0,2.0,1.0,0.0,0.0,1.0,0.0,0.0,0.0,0.0,0.0,0.0,0.0,0.0,0.0,1.0,1.0,0.0,1.0,1.0,0.0,1.0,1.0,1.0,1.0,1.0,0.0,1.0,1.0,1,1
14407,NGA,159,Nigeria,2655,Wine,5142,Food,1000 tonnes,9.08,8.68,0.0,0.0,1.0,0.0,1.0,1.0,1.0,0.0,0.0,1.0,1.0,1.0,2.0,2.0,3.0,6.0,8.0,7.0,1.0,3.0,3.0,6.0,1.0,0.0,0.0,1.0,3.0,0.0,1.0,2.0,3.0,5.0,3.0,2.0,2.0,1.0,1.0,1.0,1.0,0.0,5.0,0.0,5.0,3.0,4.0,7.0,8.0,27.0,13.0,22.0,28.0,28,28
14539,NOR,162,Norway,2655,Wine,5142,Food,1000 tonnes,60.47,8.47,5.0,5.0,5.0,5.0,6.0,6.0,6.0,8.0,9.0,9.0,11.0,11.0,12.0,12.0,14.0,13.0,14.0,11.0,17.0,17.0,19.0,12.0,19.0,19.0,21.0,23.0,25.0,28.0,27.0,29.0,30.0,28.0,28.0,31.0,34.0,37.0,43.0,44.0,48.0,47.0,62.0,61.0,68.0,72.0,75.0,72.0,72.0,74.0,77.0,78.0,80.0,83,82
14801,PAK,165,Pakistan,2655,Wine,5142,Food,1000 tonnes,30.38,69.35,0.0,0.0,0.0,0.0,0.0,0.0,0.0,0.0,0.0,0.0,0.0,0.0,0.0,0.0,0.0,0.0,0.0,0.0,0.0,0.0,0.0,0.0,0.0,0.0,0.0,0.0,0.0,0.0,0.0,0.0,0.0,0.0,0.0,0.0,0.0,0.0,0.0,0.0,0.0,0.0,0.0,0.0,0.0,0.0,0.0,0.0,0.0,0.0,0.0,0.0,0.0,0,0
14933,PAN,166,Panama,2655,Wine,5142,Food,1000 tonnes,8.54,-80.78,0.0,0.0,0.0,0.0,0.0,0.0,0.0,0.0,0.0,1.0,1.0,1.0,1.0,1.0,1.0,1.0,1.0,1.0,1.0,1.0,1.0,1.0,1.0,2.0,1.0,1.0,1.0,1.0,1.0,1.0,1.0,1.0,1.0,1.0,1.0,1.0,1.0,1.0,2.0,2.0,2.0,2.0,2.0,2.0,3.0,3.0,4.0,4.0,4.0,6.0,4.0,5,5
15061,PRY,169,Paraguay,2655,Wine,5142,Food,1000 tonnes,-23.44,-58.44,4.0,6.0,6.0,6.0,6.0,6.0,7.0,6.0,6.0,6.0,7.0,7.0,8.0,8.0,5.0,7.0,8.0,8.0,9.0,11.0,10.0,12.0,9.0,12.0,11.0,10.0,10.0,11.0,11.0,12.0,15.0,16.0,14.0,19.0,20.0,18.0,18.0,13.0,19.0,26.0,17.0,12.0,26.0,26.0,30.0,38.0,43.0,58.0,43.0,42.0,35.0,27,20
15184,PER,170,Peru,2655,Wine,5142,Food,1000 tonnes,-9.19,-75.02,8.0,10.0,10.0,9.0,11.0,11.0,11.0,12.0,8.0,8.0,8.0,8.0,8.0,8.0,8.0,8.0,9.0,9.0,9.0,10.0,11.0,11.0,10.0,11.0,11.0,10.0,10.0,10.0,10.0,11.0,13.0,8.0,10.0,11.0,17.0,16.0,18.0,17.0,18.0,38.0,43.0,47.0,52.0,54.0,65.0,67.0,69.0,71.0,59.0,61.0,75.0,75,79
15325,PHL,171,Philippines,2655,Wine,5142,Food,1000 tonnes,12.88,121.77,0.0,0.0,0.0,0.0,0.0,0.0,0.0,0.0,0.0,0.0,0.0,0.0,0.0,0.0,0.0,0.0,0.0,1.0,1.0,1.0,1.0,1.0,1.0,0.0,0.0,1.0,1.0,1.0,1.0,1.0,1.0,1.0,1.0,1.0,2.0,2.0,2.0,3.0,4.0,5.0,6.0,7.0,5.0,8.0,7.0,8.0,8.0,10.0,10.0,12.0,12.0,11,11
15460,POL,173,Poland,2655,Wine,5142,Food,1000 tonnes,51.92,19.15,10.0,12.0,17.0,21.0,14.0,17.0,22.0,28.0,34.0,33.0,33.0,48.0,51.0,43.0,40.0,54.0,54.0,46.0,46.0,46.0,48.0,41.0,61.0,70.0,86.0,99.0,105.0,97.0,105.0,80.0,38.0,28.0,40.0,25.0,13.0,45.0,66.0,76.0,80.0,71.0,65.0,72.0,74.0,68.0,76.0,79.0,94.0,90.0,93.0,95.0,102.0,104,107
15599,PRT,174,Portugal,2655,Wine,5142,Food,1000 tonnes,39.4,-8.22,580.0,600.0,769.0,503.0,550.0,750.0,793.0,814.0,877.0,650.0,969.0,702.0,672.0,700.0,736.0,938.0,851.0,594.0,580.0,747.0,858.0,787.0,727.0,710.0,734.0,617.0,645.0,544.0,557.0,588.0,564.0,542.0,578.0,578.0,574.0,551.0,532.0,517.0,514.0,478.0,438.0,554.0,536.0,538.0,537.0,537.0,462.0,457.0,478.0,495.0,487.0,508,428
15732,QAT,117,Republic of Korea,2655,Wine,5142,Food,1000 tonnes,35.91,127.77,0.0,0.0,0.0,0.0,0.0,0.0,0.0,0.0,0.0,0.0,0.0,0.0,0.0,0.0,0.0,0.0,0.0,0.0,0.0,0.0,0.0,0.0,0.0,0.0,0.0,0.0,0.0,1.0,1.0,2.0,1.0,2.0,3.0,4.0,6.0,6.0,9.0,2.0,6.0,8.0,9.0,12.0,14.0,16.0,19.0,22.0,32.0,29.0,23.0,25.0,26.0,28,33
15862,MDA,146,Republic of Moldova,2655,Wine,5142,Food,1000 tonnes,47.41,28.37,0.0,0.0,0.0,0.0,0.0,0.0,0.0,0.0,0.0,0.0,0.0,0.0,0.0,0.0,0.0,0.0,0.0,0.0,0.0,0.0,0.0,0.0,0.0,0.0,0.0,0.0,0.0,0.0,0.0,0.0,0.0,144.0,139.0,123.0,104.0,82.0,62.0,60.0,67.0,72.0,47.0,47.0,37.0,47.0,53.0,52.0,52.0,52.0,55.0,50.0,55.0,26,36
15997,ROU,183,Romania,2655,Wine,5142,Food,1000 tonnes,45.94,24.97,404.0,493.0,500.0,499.0,508.0,506.0,465.0,513.0,525.0,549.0,543.0,546.0,673.0,677.0,630.0,730.0,728.0,819.0,763.0,766.0,830.0,849.0,873.0,914.0,852.0,781.0,753.0,690.0,618.0,469.0,495.0,468.0,582.0,493.0,563.0,574.0,714.0,510.0,533.0,510.0,497.0,484.0,494.0,457.0,429.0,538.0,487.0,445.0,457.0,463.0,467.0,447,451
16136,RUS,185,Russian Federation,2655,Wine,5142,Food,1000 tonnes,61.52,105.32,0.0,0.0,0.0,0.0,0.0,0.0,0.0,0.0,0.0,0.0,0.0,0.0,0.0,0.0,0.0,0.0,0.0,0.0,0.0,0.0,0.0,0.0,0.0,0.0,0.0,0.0,0.0,0.0,0.0,0.0,0.0,684.0,634.0,627.0,718.0,446.0,555.0,531.0,341.0,481.0,621.0,657.0,805.0,920.0,969.0,853.0,955.0,971.0,1008.0,1494.0,1421.0,1328,1306
16258,RWA,184,Rwanda,2655,Wine,5142,Food,1000 tonnes,-1.94,29.87,0.0,0.0,0.0,0.0,0.0,0.0,0.0,0.0,0.0,0.0,0.0,0.0,0.0,0.0,0.0,0.0,0.0,0.0,0.0,0.0,0.0,0.0,0.0,0.0,0.0,0.0,0.0,0.0,0.0,0.0,0.0,0.0,0.0,0.0,0.0,0.0,0.0,0.0,0.0,0.0,0.0,0.0,0.0,0.0,0.0,0.0,0.0,0.0,0.0,0.0,0.0,1,1
16355,KNA,188,Saint Kitts and Nevis,2655,Wine,5142,Food,1000 tonnes,17.36,-62.78,0.0,0.0,0.0,0.0,0.0,0.0,0.0,0.0,0.0,0.0,0.0,0.0,0.0,0.0,0.0,0.0,0.0,0.0,0.0,0.0,0.0,0.0,0.0,0.0,0.0,0.0,0.0,0.0,0.0,0.0,0.0,0.0,0.0,0.0,0.0,0.0,0.0,0.0,0.0,0.0,0.0,0.0,0.0,0.0,0.0,0.0,0.0,0.0,0.0,0.0,0.0,0,0
16468,LCA,189,Saint Lucia,2655,Wine,5142,Food,1000 tonnes,13.91,-60.98,0.0,0.0,0.0,0.0,0.0,0.0,0.0,0.0,0.0,0.0,0.0,0.0,0.0,0.0,0.0,0.0,0.0,0.0,0.0,0.0,0.0,0.0,0.0,0.0,0.0,0.0,0.0,1.0,0.0,0.0,1.0,0.0,1.0,0.0,1.0,1.0,1.0,1.0,1.0,1.0,1.0,1.0,1.0,1.0,1.0,1.0,2.0,1.0,1.0,1.0,1.0,1,1
16576,VCT,191,Saint Vincent and the Grenadines,2655,Wine,5142,Food,1000 tonnes,12.98,-61.29,0.0,0.0,0.0,0.0,0.0,0.0,0.0,0.0,0.0,0.0,0.0,0.0,0.0,0.0,0.0,0.0,0.0,0.0,0.0,0.0,0.0,0.0,0.0,0.0,0.0,0.0,0.0,0.0,0.0,0.0,0.0,0.0,0.0,0.0,0.0,0.0,0.0,0.0,0.0,0.0,0.0,0.0,0.0,0.0,0.0,0.0,0.0,0.0,1.0,0.0,0.0,0,0
16682,WSM,244,Samoa,2655,Wine,5142,Food,1000 tonnes,-13.76,-172.1,0.0,0.0,0.0,0.0,0.0,0.0,0.0,0.0,0.0,0.0,0.0,0.0,0.0,0.0,0.0,0.0,0.0,0.0,0.0,0.0,0.0,0.0,0.0,0.0,0.0,0.0,0.0,0.0,0.0,0.0,0.0,0.0,0.0,0.0,0.0,0.0,0.0,0.0,0.0,0.0,0.0,0.0,0.0,0.0,0.0,0.0,0.0,0.0,0.0,0.0,0.0,0,0
16781,STP,193,Sao Tome and Principe,2655,Wine,5142,Food,1000 tonnes,0.19,6.61,2.0,2.0,2.0,3.0,2.0,2.0,2.0,2.0,3.0,3.0,2.0,2.0,2.0,2.0,2.0,2.0,2.0,1.0,1.0,2.0,1.0,1.0,0.0,0.0,0.0,0.0,0.0,1.0,1.0,1.0,2.0,1.0,3.0,2.0,2.0,2.0,2.0,2.0,2.0,3.0,3.0,3.0,3.0,3.0,3.0,3.0,3.0,3.0,4.0,4.0,4.0,4,4
16902,SAU,194,Saudi Arabia,2655,Wine,5142,Food,1000 tonnes,23.89,45.08,0.0,0.0,0.0,0.0,0.0,0.0,0.0,0.0,0.0,0.0,0.0,0.0,0.0,0.0,0.0,0.0,0.0,0.0,0.0,0.0,0.0,0.0,0.0,0.0,0.0,0.0,0.0,0.0,0.0,0.0,0.0,0.0,0.0,0.0,0.0,0.0,0.0,0.0,0.0,0.0,0.0,0.0,0.0,0.0,0.0,0.0,0.0,0.0,0.0,0.0,0.0,0,0
17025,SEN,195,Senegal,2655,Wine,5142,Food,1000 tonnes,14.5,-14.45,12.0,10.0,12.0,9.0,7.0,6.0,7.0,6.0,6.0,5.0,5.0,6.0,6.0,6.0,8.0,9.0,9.0,7.0,7.0,7.0,8.0,7.0,8.0,8.0,5.0,6.0,4.0,7.0,9.0,9.0,5.0,4.0,4.0,4.0,4.0,4.0,4.0,4.0,5.0,5.0,7.0,10.0,9.0,9.0,7.0,8.0,8.0,8.0,8.0,8.0,8.0,7,5
17147,SRB,272,Serbia,2655,Wine,5142,Food,1000 tonnes,44.02,21.01,0.0,0.0,0.0,0.0,0.0,0.0,0.0,0.0,0.0,0.0,0.0,0.0,0.0,0.0,0.0,0.0,0.0,0.0,0.0,0.0,0.0,0.0,0.0,0.0,0.0,0.0,0.0,0.0,0.0,0.0,0.0,0.0,0.0,0.0,0.0,0.0,0.0,0.0,0.0,0.0,0.0,0.0,0.0,0.0,0.0,148.0,166.0,169.0,213.0,247.0,234.0,225,242
17264,SLE,197,Sierra Leone,2655,Wine,5142,Food,1000 tonnes,8.46,-11.78,1.0,0.0,1.0,0.0,0.0,0.0,0.0,0.0,0.0,0.0,0.0,1.0,1.0,0.0,0.0,0.0,0.0,0.0,0.0,0.0,0.0,0.0,0.0,0.0,0.0,0.0,0.0,0.0,0.0,0.0,0.0,0.0,0.0,0.0,0.0,0.0,0.0,0.0,0.0,0.0,0.0,0.0,0.0,0.0,0.0,0.0,0.0,0.0,0.0,0.0,0.0,0,0
17390,SVK,199,Slovakia,2655,Wine,5142,Food,1000 tonnes,48.67,19.7,0.0,0.0,0.0,0.0,0.0,0.0,0.0,0.0,0.0,0.0,0.0,0.0,0.0,0.0,0.0,0.0,0.0,0.0,0.0,0.0,0.0,0.0,0.0,0.0,0.0,0.0,0.0,0.0,0.0,0.0,0.0,0.0,7.0,29.0,41.0,63.0,32.0,36.0,35.0,57.0,47.0,37.0,43.0,46.0,42.0,44.0,29.0,32.0,37.0,34.0,38.0,40,21
17520,SVN,198,Slovenia,2655,Wine,5142,Food,1000 tonnes,46.15,15.0,0.0,0.0,0.0,0.0,0.0,0.0,0.0,0.0,0.0,0.0,0.0,0.0,0.0,0.0,0.0,0.0,0.0,0.0,0.0,0.0,0.0,0.0,0.0,0.0,0.0,0.0,0.0,0.0,0.0,0.0,0.0,97.0,95.0,81.0,81.0,72.0,72.0,41.0,21.0,55.0,26.0,31.0,26.0,26.0,26.0,23.0,31.0,27.0,26.0,24.0,25.0,23,20
17626,SLB,25,Solomon Islands,2655,Wine,5142,Food,1000 tonnes,-9.65,160.16,0.0,0.0,0.0,0.0,0.0,0.0,0.0,0.0,0.0,0.0,0.0,0.0,0.0,0.0,0.0,0.0,0.0,0.0,0.0,0.0,0.0,0.0,0.0,0.0,0.0,0.0,0.0,0.0,0.0,0.0,0.0,0.0,0.0,0.0,0.0,0.0,0.0,0.0,0.0,0.0,0.0,0.0,0.0,0.0,0.0,0.0,0.0,0.0,0.0,0.0,0.0,0,0
17753,ZAF,202,South Africa,2655,Wine,5142,Food,1000 tonnes,-30.56,22.94,287.0,334.0,333.0,361.0,440.0,402.0,419.0,478.0,477.0,413.0,541.0,524.0,527.0,493.0,585.0,587.0,476.0,600.0,622.0,695.0,656.0,763.0,782.0,777.0,358.0,367.0,401.0,374.0,374.0,368.0,383.0,403.0,373.0,372.0,375.0,476.0,467.0,451.0,438.0,410.0,401.0,394.0,488.0,439.0,292.0,349.0,412.0,335.0,380.0,359.0,409.0,399,407
17903,ESP,203,Spain,2655,Wine,5142,Food,1000 tonnes,40.46,-3.75,1820.0,1801.0,1850.0,1900.0,2000.0,2042.0,1942.0,1782.0,1835.0,1742.0,1790.0,1954.0,2110.0,2246.0,2330.0,2196.0,2142.0,2176.0,2224.0,2245.0,2269.0,1881.0,1862.0,1837.0,1882.0,1870.0,1845.0,1713.0,1589.0,1716.0,1684.0,1628.0,1597.0,1534.0,1446.0,1453.0,1461.0,1479.0,1425.0,1424.0,1396.0,1380.0,1501.0,1551.0,1500.0,1600.0,1203.0,1103.0,1001.0,1001.0,1001.0,986,984
18037,LKA,38,Sri Lanka,2655,Wine,5142,Food,1000 tonnes,7.87,80.77,0.0,0.0,0.0,0.0,0.0,0.0,0.0,0.0,0.0,0.0,0.0,0.0,0.0,0.0,0.0,1.0,0.0,1.0,1.0,1.0,0.0,0.0,0.0,0.0,0.0,0.0,0.0,0.0,0.0,0.0,0.0,0.0,0.0,0.0,0.0,0.0,0.0,0.0,1.0,0.0,0.0,1.0,1.0,1.0,0.0,1.0,1.0,0.0,0.0,0.0,1.0,1,1
18261,SUR,207,Suriname,2655,Wine,5142,Food,1000 tonnes,3.92,-56.03,0.0,0.0,0.0,0.0,0.0,0.0,0.0,0.0,1.0,1.0,0.0,0.0,0.0,0.0,0.0,0.0,0.0,0.0,0.0,0.0,0.0,0.0,0.0,0.0,0.0,0.0,0.0,0.0,0.0,0.0,0.0,0.0,0.0,0.0,0.0,0.0,0.0,0.0,0.0,0.0,0.0,0.0,0.0,0.0,0.0,0.0,0.0,0.0,0.0,0.0,1.0,1,1
18379,SWZ,209,Swaziland,2655,Wine,5142,Food,1000 tonnes,-26.52,31.47,0.0,0.0,0.0,0.0,0.0,0.0,0.0,0.0,0.0,0.0,1.0,1.0,2.0,1.0,1.0,1.0,1.0,2.0,1.0,2.0,2.0,3.0,2.0,3.0,3.0,0.0,0.0,0.0,0.0,0.0,0.0,0.0,0.0,0.0,0.0,0.0,5.0,3.0,5.0,3.0,8.0,0.0,4.0,0.0,1.0,2.0,2.0,0.0,0.0,0.0,0.0,0,3
18509,SWE,210,Sweden,2655,Wine,5142,Food,1000 tonnes,60.13,18.64,29.0,31.0,30.0,35.0,34.0,33.0,39.0,45.0,45.0,51.0,55.0,67.0,52.0,62.0,71.0,68.0,83.0,73.0,80.0,79.0,76.0,83.0,92.0,94.0,94.0,98.0,100.0,105.0,115.0,109.0,104.0,106.0,105.0,119.0,109.0,117.0,108.0,113.0,123.0,120.0,134.0,149.0,152.0,118.0,124.0,160.0,140.0,143.0,149.0,146.0,187.0,198,199
18653,CHE,211,Switzerland,2655,Wine,5142,Food,1000 tonnes,46.82,8.23,201.0,210.0,215.0,214.0,223.0,244.0,240.0,248.0,257.0,260.0,290.0,300.0,291.0,278.0,274.0,276.0,284.0,286.0,283.0,302.0,323.0,364.0,358.0,326.0,311.0,300.0,303.0,284.0,309.0,298.0,306.0,306.0,306.0,296.0,281.0,298.0,300.0,299.0,312.0,307.0,307.0,297.0,290.0,273.0,287.0,285.0,296.0,294.0,292.0,298.0,292.0,288,294
18767,TJK,208,Tajikistan,2655,Wine,5142,Food,1000 tonnes,38.86,71.28,0.0,0.0,0.0,0.0,0.0,0.0,0.0,0.0,0.0,0.0,0.0,0.0,0.0,0.0,0.0,0.0,0.0,0.0,0.0,0.0,0.0,0.0,0.0,0.0,0.0,0.0,0.0,0.0,0.0,0.0,0.0,19.0,14.0,10.0,10.0,11.0,7.0,6.0,5.0,3.0,5.0,6.0,3.0,2.0,1.0,0.0,0.0,0.0,0.0,1.0,0.0,0,0
18888,THA,216,Thailand,2655,Wine,5142,Food,1000 tonnes,15.87,100.99,0.0,0.0,0.0,0.0,0.0,0.0,0.0,0.0,0.0,0.0,0.0,0.0,0.0,0.0,0.0,0.0,0.0,0.0,0.0,0.0,1.0,1.0,1.0,1.0,1.0,1.0,1.0,1.0,1.0,1.0,1.0,1.0,2.0,2.0,4.0,8.0,5.0,2.0,5.0,6.0,5.0,5.0,5.0,5.0,5.0,5.0,8.0,7.0,6.0,8.0,8.0,8,8
19018,THA,154,The former Yugoslav Republic of Macedonia,2655,Wine,5142,Food,1000 tonnes,41.61,21.75,0.0,0.0,0.0,0.0,0.0,0.0,0.0,0.0,0.0,0.0,0.0,0.0,0.0,0.0,0.0,0.0,0.0,0.0,0.0,0.0,0.0,0.0,0.0,0.0,0.0,0.0,0.0,0.0,0.0,0.0,0.0,26.0,21.0,23.0,16.0,15.0,14.0,15.0,13.0,14.0,13.0,6.0,23.0,9.0,7.0,6.0,6.0,2.0,2.0,1.0,2.0,1,5
19116,TLS,176,Timor-Leste,2655,Wine,5142,Food,1000 tonnes,-8.87,125.73,0.0,0.0,0.0,0.0,0.0,0.0,1.0,0.0,1.0,0.0,1.0,0.0,0.0,0.0,0.0,0.0,0.0,0.0,0.0,0.0,0.0,0.0,0.0,0.0,0.0,0.0,0.0,0.0,0.0,0.0,0.0,0.0,0.0,0.0,0.0,0.0,0.0,0.0,0.0,0.0,0.0,0.0,0.0,0.0,0.0,0.0,0.0,0.0,0.0,0.0,0.0,1,1
19226,TGO,217,Togo,2655,Wine,5142,Food,1000 tonnes,8.62,0.82,2.0,2.0,2.0,2.0,2.0,2.0,2.0,2.0,2.0,2.0,2.0,2.0,1.0,1.0,2.0,2.0,3.0,2.0,2.0,3.0,4.0,5.0,5.0,3.0,2.0,2.0,2.0,2.0,3.0,2.0,2.0,2.0,1.0,3.0,3.0,3.0,3.0,2.0,2.0,2.0,4.0,2.0,4.0,7.0,7.0,11.0,10.0,7.0,5.0,5.0,8.0,8,6
19343,TTO,220,Trinidad and Tobago,2655,Wine,5142,Food,1000 tonnes,10.69,-61.22,0.0,0.0,0.0,0.0,0.0,0.0,0.0,0.0,0.0,0.0,1.0,1.0,0.0,0.0,0.0,0.0,1.0,1.0,1.0,3.0,3.0,2.0,2.0,1.0,1.0,1.0,0.0,1.0,0.0,1.0,1.0,0.0,0.0,0.0,0.0,1.0,0.0,1.0,1.0,1.0,1.0,1.0,1.0,1.0,1.0,1.0,1.0,1.0,1.0,1.0,1.0,2,2
19464,TUN,222,Tunisia,2655,Wine,5142,Food,1000 tonnes,33.89,9.54,10.0,20.0,19.0,20.0,20.0,21.0,19.0,19.0,19.0,18.0,17.0,17.0,16.0,17.0,18.0,15.0,21.0,24.0,22.0,22.0,24.0,22.0,20.0,18.0,14.0,20.0,20.0,14.0,18.0,19.0,21.0,23.0,24.0,19.0,16.0,15.0,19.0,17.0,36.0,31.0,16.0,10.0,6.0,6.0,11.0,22.0,17.0,15.0,17.0,18.0,19.0,24,29
19592,TUR,223,Turkey,2655,Wine,5142,Food,1000 tonnes,38.96,35.24,27.0,32.0,33.0,37.0,45.0,40.0,35.0,32.0,42.0,38.0,38.0,35.0,34.0,18.0,13.0,7.0,18.0,12.0,14.0,9.0,12.0,14.0,11.0,15.0,14.0,16.0,22.0,20.0,21.0,19.0,18.0,25.0,26.0,27.0,29.0,33.0,23.0,30.0,22.0,19.0,22.0,18.0,17.0,23.0,23.0,21.0,17.0,23.0,21.0,26.0,27.0,30,29
19687,TKM,213,Turkmenistan,2655,Wine,5142,Food,1000 tonnes,38.97,59.56,0.0,0.0,0.0,0.0,0.0,0.0,0.0,0.0,0.0,0.0,0.0,0.0,0.0,0.0,0.0,0.0,0.0,0.0,0.0,0.0,0.0,0.0,0.0,0.0,0.0,0.0,0.0,0.0,0.0,0.0,0.0,8.0,8.0,27.0,22.0,28.0,36.0,31.0,36.0,36.0,40.0,41.0,41.0,43.0,44.0,44.0,45.0,39.0,40.0,39.0,39.0,39,39
19811,UGA,226,Uganda,2655,Wine,5142,Food,1000 tonnes,1.37,32.29,0.0,0.0,0.0,0.0,0.0,0.0,0.0,0.0,0.0,0.0,0.0,0.0,0.0,0.0,0.0,0.0,0.0,0.0,0.0,0.0,0.0,0.0,0.0,0.0,0.0,0.0,0.0,0.0,0.0,0.0,0.0,0.0,0.0,0.0,0.0,0.0,0.0,0.0,0.0,0.0,0.0,0.0,0.0,0.0,0.0,0.0,0.0,1.0,1.0,2.0,1.0,2,2
19938,UKR,230,Ukraine,2655,Wine,5142,Food,1000 tonnes,48.38,31.17,0.0,0.0,0.0,0.0,0.0,0.0,0.0,0.0,0.0,0.0,0.0,0.0,0.0,0.0,0.0,0.0,0.0,0.0,0.0,0.0,0.0,0.0,0.0,0.0,0.0,0.0,0.0,0.0,0.0,0.0,0.0,192.0,150.0,44.0,102.0,118.0,127.0,137.0,122.0,129.0,167.0,244.0,234.0,189.0,202.0,237.0,273.0,272.0,226.0,267.0,240.0,182,178
20201,GBR,229,United Kingdom,2655,Wine,5142,Food,1000 tonnes,55.38,-3.44,106.0,99.0,115.0,130.0,128.0,131.0,150.0,173.0,177.0,166.0,205.0,249.0,345.0,337.0,314.0,321.0,359.0,368.0,466.0,400.0,453.0,439.0,492.0,558.0,575.0,609.0,648.0,656.0,659.0,675.0,655.0,674.0,684.0,773.0,669.0,711.0,836.0,858.0,852.0,923.0,993.0,1004.0,1077.0,1090.0,1295.0,1158.0,1150.0,1058.0,1072.0,1192.0,1268.0,1241,1185
20337,TZA,215,United Republic of Tanzania,2655,Wine,5142,Food,1000 tonnes,-6.37,34.89,0.0,0.0,0.0,0.0,0.0,1.0,0.0,0.0,0.0,1.0,0.0,0.0,0.0,0.0,0.0,0.0,0.0,0.0,0.0,0.0,0.0,0.0,0.0,0.0,0.0,0.0,0.0,0.0,0.0,0.0,0.0,0.0,0.0,0.0,1.0,1.0,1.0,1.0,1.0,1.0,1.0,1.0,1.0,1.0,3.0,5.0,4.0,4.0,4.0,4.0,4.0,6,6
20471,USA,231,United States of America,2655,Wine,5142,Food,1000 tonnes,37.09,-95.71,615.0,665.0,680.0,631.0,739.0,823.0,786.0,833.0,915.0,1046.0,1184.0,1314.0,1350.0,1354.0,1427.0,1418.0,1531.0,1667.0,1742.0,1917.0,1936.0,1952.0,2015.0,2104.0,2167.0,2238.0,2203.0,2098.0,1960.0,1942.0,1737.0,1637.0,1932.0,1913.0,2182.0,2051.0,2085.0,2081.0,2105.0,2104.0,2129.0,2260.0,2154.0,2152.0,2177.0,2128.0,2126.0,2130.0,2208.0,2206.0,2305.0,2607,2710
20599,URY,234,Uruguay,2655,Wine,5142,Food,1000 tonnes,-32.52,-55.77,75.0,70.0,84.0,78.0,87.0,84.0,84.0,84.0,76.0,91.0,91.0,90.0,90.0,90.0,90.0,82.0,47.0,47.0,55.0,57.0,68.0,74.0,85.0,97.0,71.0,71.0,74.0,106.0,85.0,94.0,80.0,83.0,85.0,89.0,98.0,103.0,111.0,110.0,106.0,95.0,93.0,72.0,85.0,104.0,100.0,93.0,87.0,69.0,64.0,71.0,80.0,78,66
20725,UZB,235,Uzbekistan,2655,Wine,5142,Food,1000 tonnes,41.38,64.59,0.0,0.0,0.0,0.0,0.0,0.0,0.0,0.0,0.0,0.0,0.0,0.0,0.0,0.0,0.0,0.0,0.0,0.0,0.0,0.0,0.0,0.0,0.0,0.0,0.0,0.0,0.0,0.0,0.0,0.0,0.0,64.0,51.0,47.0,82.0,48.0,61.0,58.0,59.0,46.0,42.0,32.0,45.0,35.0,23.0,22.0,24.0,24.0,12.0,13.0,31.0,29,29
20830,VUT,155,Vanuatu,2655,Wine,5142,Food,1000 tonnes,-15.38,166.96,1.0,1.0,1.0,1.0,1.0,1.0,1.0,1.0,1.0,1.0,0.0,0.0,1.0,1.0,0.0,0.0,0.0,0.0,0.0,0.0,0.0,0.0,0.0,0.0,0.0,0.0,0.0,0.0,0.0,0.0,0.0,0.0,0.0,1.0,1.0,0.0,1.0,1.0,0.0,0.0,0.0,0.0,0.0,0.0,0.0,0.0,0.0,0.0,0.0,0.0,0.0,0,0
20950,VEN,236,Venezuela (Bolivarian Republic of),2655,Wine,5142,Food,1000 tonnes,6.42,-66.59,1.0,2.0,2.0,2.0,3.0,3.0,4.0,5.0,4.0,5.0,5.0,6.0,5.0,8.0,10.0,17.0,19.0,23.0,15.0,21.0,21.0,19.0,9.0,9.0,11.0,10.0,11.0,9.0,7.0,7.0,11.0,12.0,11.0,5.0,6.0,8.0,11.0,11.0,9.0,15.0,19.0,9.0,8.0,12.0,16.0,24.0,28.0,26.0,20.0,12.0,19.0,22,11
21062,VNM,237,Viet Nam,2655,Wine,5142,Food,1000 tonnes,14.06,108.28,1.0,1.0,1.0,0.0,1.0,1.0,1.0,0.0,1.0,0.0,0.0,1.0,1.0,1.0,0.0,0.0,0.0,0.0,0.0,0.0,0.0,0.0,0.0,0.0,0.0,0.0,0.0,0.0,0.0,0.0,0.0,0.0,0.0,1.0,1.0,1.0,2.0,3.0,3.0,5.0,3.0,3.0,3.0,5.0,5.0,6.0,8.0,7.0,9.0,10.0,13.0,12,12
21183,YEM,249,Yemen,2655,Wine,5142,Food,1000 tonnes,15.55,48.52,0.0,0.0,0.0,0.0,0.0,0.0,0.0,0.0,0.0,0.0,0.0,0.0,0.0,0.0,0.0,0.0,0.0,0.0,0.0,0.0,0.0,0.0,0.0,0.0,0.0,0.0,0.0,0.0,0.0,0.0,0.0,0.0,0.0,0.0,0.0,0.0,0.0,0.0,0.0,0.0,0.0,0.0,0.0,0.0,0.0,0.0,0.0,0.0,0.0,0.0,0.0,0,0
21302,ZMB,251,Zambia,2655,Wine,5142,Food,1000 tonnes,-13.13,27.85,0.0,0.0,0.0,0.0,0.0,0.0,1.0,0.0,1.0,1.0,1.0,0.0,0.0,0.0,1.0,0.0,0.0,0.0,0.0,0.0,0.0,0.0,0.0,0.0,1.0,0.0,0.0,0.0,0.0,0.0,0.0,0.0,0.0,0.0,0.0,1.0,1.0,1.0,0.0,0.0,0.0,0.0,0.0,0.0,0.0,0.0,0.0,0.0,0.0,0.0,0.0,0,0
21424,ZWE,181,Zimbabwe,2655,Wine,5142,Food,1000 tonnes,-19.02,29.15,1.0,0.0,1.0,1.0,1.0,0.0,0.0,0.0,0.0,0.0,0.0,0.0,0.0,0.0,0.0,1.0,1.0,1.0,1.0,1.0,2.0,2.0,1.0,2.0,1.0,1.0,1.0,1.0,1.0,1.0,1.0,1.0,1.0,2.0,3.0,3.0,3.0,2.0,3.0,2.0,2.0,2.0,2.0,2.0,2.0,2.0,2.0,3.0,3.0,4.0,3.0,4,4
